filename,label,split,similarity_to_out_of_scope,closest_out_of_scope_photo,its_group
abrasion_kg1_4.jpg,abrasion,train,0.801,data/ood_dataset/skindis_dermatitis_kontak_alergi/extra_skindis_dermatitis_kontak_alergi_51.jpg,skindis_dermatitis_kontak_alergi
abrasion_kg1_11.jpg,abrasion,train,0.868,data/ood_dataset/bites_no_bites/extra_bites_no_bites_138.jpg,bites_no_bites
abrasion_kg1_16.jpg,abrasion,train,0.839,data/ood_dataset/bites_fleas/extra_bites_fleas_55.jpg,bites_fleas
abrasion_kg1_17.jpg,abrasion,train,0.848,data/ood_dataset/skinimg_melanoma/extra_skinimg_melanoma_85.jpg,skinimg_melanoma
abrasion_kg1_22.jpg,abrasion,train,0.803,data/ood_dataset/bites_fleas/extra_bites_fleas_44.jpg,bites_fleas
abrasion_kg1_24.jpg,abrasion,train,0.806,data/ood_dataset/bites_mosquitos/extra_bites_mosquitos_75.jpg,bites_mosquitos
abrasion_kg1_31.jpg,abrasion,train,0.816,data/ood_dataset/bites_ticks/extra_bites_ticks_32.jpg,bites_ticks
abrasion_kg1_36.jpg,abrasion,train,0.827,data/ood_dataset/skinimg_benign_keratosis_like_lesions_bkl/extra_skinimg_benign_keratosis_like_lesions_bkl_57.jpg,skinimg_benign_keratosis_like_lesions_bkl
abrasion_kg1_37.jpg,abrasion,train,0.838,data/ood_dataset/bites_spiders/extra_bites_spiders_57.jpg,bites_spiders
abrasion_kg1_40.jpg,abrasion,train,0.828,data/ood_dataset/skinimg_warts_molluscum_and_other_viral_infections/extra_skinimg_warts_molluscum_and_other_viral_infections_34.jpg,skinimg_warts_molluscum_and_other_viral_infections
abrasion_kg1_46.jpg,abrasion,train,0.834,data/ood_dataset/skinimg_atopic_dermatitis/extra_skinimg_atopic_dermatitis_41.jpg,skinimg_atopic_dermatitis
abrasion_kg1_51.jpg,abrasion,train,0.817,data/ood_dataset/bites_no_bites/extra_bites_no_bites_26.jpg,bites_no_bites
abrasion_kg1_56.jpg,abrasion,train,0.818,data/ood_dataset/skindis_dermatitis_kontak_alergi/extra_skindis_dermatitis_kontak_alergi_51.jpg,skindis_dermatitis_kontak_alergi
abrasion_kg1_57.jpg,abrasion,test,0.810,data/ood_dataset/skinimg_benign_keratosis_like_lesions_bkl/extra_skinimg_benign_keratosis_like_lesions_bkl_84.jpg,skinimg_benign_keratosis_like_lesions_bkl
abrasion_kg1_61.jpg,abrasion,train,0.803,data/ood_dataset/bites_bed_bugs/extra_bites_bed_bugs_3.jpg,bites_bed_bugs
abrasion_kg1_62.jpg,abrasion,val,0.826,data/ood_dataset/dermnet_atopic_dermatitis_photos/extra_dermnet_atopic_dermatitis_photos_26.jpg,dermnet_atopic_dermatitis_photos
abrasion_kg1_71.jpg,abrasion,train,0.827,data/ood_dataset/skindis_dermatitis_seboroik/extra_skindis_dermatitis_seboroik_28.jpg,skindis_dermatitis_seboroik
abrasion_kg1_74.jpg,abrasion,train,0.812,data/ood_dataset/dermnet_urticaria_hives/extra_dermnet_urticaria_hives_69.jpg,dermnet_urticaria_hives
abrasion_kg1_76.jpg,abrasion,train,0.802,data/ood_dataset/dermnet_urticaria_hives/extra_dermnet_urticaria_hives_88.jpg,dermnet_urticaria_hives
abrasion_kg1_87.jpg,abrasion,train,0.817,data/ood_dataset/surgical_wound/extra_ibrahim_ood_surgical_wound_43.jpg,surgical_wound
abrasion_kg1_90.jpg,abrasion,train,0.808,data/ood_dataset/dermnet_tinea_ringworm_candidiasis_and_other_fungal_infections/extra_dermnet_tinea_ringworm_candidiasis_and_other_fungal_infections_25.jpg,dermnet_tinea_ringworm_candidiasis_and_other_fungal_infections
abrasion_kg1_91.jpg,abrasion,train,0.806,data/ood_dataset/surgical_wound/extra_ibrahim_ood_surgical_wound_125.jpg,surgical_wound
abrasion_kg1_105.jpg,abrasion,train,0.809,data/ood_dataset/dermnet_poison_ivy_photos_and_other_contact_dermatitis/extra_dermnet_poison_ivy_photos_and_other_contact_dermatitis_17.jpg,dermnet_poison_ivy_photos_and_other_contact_dermatitis
abrasion_kg1_107.jpg,abrasion,train,0.819,data/ood_dataset/bites_ticks/extra_bites_ticks_34.jpg,bites_ticks
abrasion_kg1_108.jpg,abrasion,train,0.841,data/ood_dataset/bites_mosquitos/extra_bites_mosquitos_81.jpg,bites_mosquitos
abrasion_kg1_110.jpg,abrasion,train,0.858,data/ood_dataset/bites_bed_bugs/extra_bites_bed_bugs_41.jpg,bites_bed_bugs
abrasion_kg1_116.jpg,abrasion,train,0.814,data/ood_dataset/skindis_dermatitis_seboroik/extra_skindis_dermatitis_seboroik_7.jpg,skindis_dermatitis_seboroik
abrasion_kg1_117.jpg,abrasion,train,0.819,data/ood_dataset/skindis_dermatitis_kontak_alergi/extra_skindis_dermatitis_kontak_alergi_91.jpg,skindis_dermatitis_kontak_alergi
abrasion_kg1_135.jpg,abrasion,train,0.828,data/ood_dataset/skindis_dermatitis_atopik/extra_skindis_dermatitis_atopik_76.jpg,skindis_dermatitis_atopik
abrasion_kg1_138.jpg,abrasion,train,0.848,data/ood_dataset/bites_spiders/extra_bites_spiders_30.jpg,bites_spiders
abrasion_kg1_140.jpg,abrasion,test,0.814,data/ood_dataset/skinimg_basal_cell_carcinoma_bcc/extra_skinimg_basal_cell_carcinoma_bcc_0.jpg,skinimg_basal_cell_carcinoma_bcc
abrasion_kg1_145.jpg,abrasion,train,0.841,data/ood_dataset/bites_ticks/extra_bites_ticks_40.jpg,bites_ticks
abrasion_kg1_152.jpg,abrasion,train,0.802,data/ood_dataset/bites_spiders/extra_bites_spiders_40.jpg,bites_spiders
abrasion_kg1_157.jpg,abrasion,train,0.805,data/ood_dataset/skindis_dermatitis_kontak_alergi/extra_skindis_dermatitis_kontak_alergi_51.jpg,skindis_dermatitis_kontak_alergi
abrasion_kg1_159.jpg,abrasion,train,0.810,data/ood_dataset/dermnet_urticaria_hives/extra_dermnet_urticaria_hives_75.jpg,dermnet_urticaria_hives
abrasion_kg1_163.jpg,abrasion,train,0.803,data/ood_dataset/venous_wound/extra_ibrahim_ood_venous_wound_236.jpg,venous_wound
abrasion_kg1_177.jpg,abrasion,train,0.842,data/ood_dataset/dermnet_hair_loss_photos_alopecia_and_other_hair_diseases/extra_dermnet_hair_loss_photos_alopecia_and_other_hair_diseases_4.jpg,dermnet_hair_loss_photos_alopecia_and_other_hair_diseases
abrasion_kg1_189.jpg,abrasion,train,0.868,data/ood_dataset/bites_fleas/extra_bites_fleas_70.jpg,bites_fleas
abrasion_kg1_191.jpg,abrasion,train,0.823,data/ood_dataset/skindis_neurodermatitis/extra_skindis_neurodermatitis_27.jpg,skindis_neurodermatitis
abrasion_kg1_192.jpg,abrasion,train,0.832,data/ood_dataset/bites_chiggers/extra_bites_chiggers_70.jpg,bites_chiggers
bruise_kg1_2.jpg,bruise,train,0.807,data/ood_dataset/bites_ticks/extra_bites_ticks_38.jpg,bites_ticks
bruise_kg1_5.jpg,bruise,train,0.874,data/ood_dataset/bites_ticks/extra_bites_ticks_42.jpg,bites_ticks
bruise_kg1_11.jpg,bruise,train,0.819,data/ood_dataset/bites_bed_bugs/extra_bites_bed_bugs_63.jpg,bites_bed_bugs
bruise_kg1_13.jpg,bruise,train,0.828,data/ood_dataset/skinimg_melanoma/extra_skinimg_melanoma_14.jpg,skinimg_melanoma
bruise_kg1_15.jpg,bruise,train,0.847,data/ood_dataset/skinimg_basal_cell_carcinoma_bcc/extra_skinimg_basal_cell_carcinoma_bcc_29.jpg,skinimg_basal_cell_carcinoma_bcc
bruise_kg1_16.jpg,bruise,train,0.871,data/ood_dataset/bites_ticks/extra_bites_ticks_7.jpg,bites_ticks
bruise_kg1_20.jpg,bruise,train,0.832,data/ood_dataset/bites_ticks/extra_bites_ticks_34.jpg,bites_ticks
bruise_kg1_22.jpg,bruise,train,0.821,data/ood_dataset/dermnet_exanthems_and_drug_eruptions/extra_dermnet_exanthems_and_drug_eruptions_13.jpg,dermnet_exanthems_and_drug_eruptions
bruise_kg1_24.jpg,bruise,train,0.866,data/ood_dataset/bites_ticks/extra_bites_ticks_2.jpg,bites_ticks
bruise_kg1_27.jpg,bruise,train,0.811,data/ood_dataset/bites_fleas/extra_bites_fleas_75.jpg,bites_fleas
bruise_kg1_29.jpg,bruise,train,0.899,data/ood_dataset/skinimg_melanoma/extra_skinimg_melanoma_20.jpg,skinimg_melanoma
bruise_kg1_34.jpg,bruise,train,0.830,data/ood_dataset/normal_skin/extra_ibrahim_ood_normal_skin_36.jpg,normal_skin
bruise_kg1_36.jpg,bruise,train,0.806,data/ood_dataset/bites_bed_bugs/extra_bites_bed_bugs_16.jpg,bites_bed_bugs
bruise_kg1_38.jpg,bruise,train,0.870,data/ood_dataset/bites_fleas/extra_bites_fleas_69.jpg,bites_fleas
bruise_kg1_40.jpg,bruise,train,0.847,data/ood_dataset/bites_fleas/extra_bites_fleas_70.jpg,bites_fleas
bruise_kg1_41.jpg,bruise,train,0.804,data/ood_dataset/bites_mosquitos/extra_bites_mosquitos_51.jpg,bites_mosquitos
bruise_kg1_43.jpg,bruise,train,0.894,data/ood_dataset/normal_skin/extra_ibrahim_ood_normal_skin_82.jpg,normal_skin
bruise_kg1_44.jpg,bruise,train,0.824,data/ood_dataset/bites_no_bites/extra_bites_no_bites_75.jpg,bites_no_bites
bruise_kg1_45.jpg,bruise,train,0.829,data/ood_dataset/skinimg_melanoma/extra_skinimg_melanoma_85.jpg,skinimg_melanoma
bruise_kg1_46.jpg,bruise,train,0.817,data/ood_dataset/bites_no_bites/extra_bites_no_bites_136.jpg,bites_no_bites
bruise_kg1_48.jpg,bruise,train,0.840,data/ood_dataset/bites_ticks/extra_bites_ticks_43.jpg,bites_ticks
bruise_kg1_51.jpg,bruise,train,0.815,data/ood_dataset/bites_ticks/extra_bites_ticks_96.jpg,bites_ticks
bruise_kg1_58.jpg,bruise,train,0.913,data/ood_dataset/bites_fleas/extra_bites_fleas_70.jpg,bites_fleas
bruise_kg1_60.jpg,bruise,train,0.906,data/ood_dataset/bites_fleas/extra_bites_fleas_69.jpg,bites_fleas
bruise_kg1_66.jpg,bruise,train,0.809,data/ood_dataset/bites_ticks/extra_bites_ticks_18.jpg,bites_ticks
bruise_kg1_69.jpg,bruise,train,0.805,data/ood_dataset/normal_skin/extra_ibrahim_ood_normal_skin_48.jpg,normal_skin
bruise_kg1_75.jpg,bruise,train,0.849,data/ood_dataset/skinimg_melanocytic_nevi_nv/extra_skinimg_melanocytic_nevi_nv_92.jpg,skinimg_melanocytic_nevi_nv
bruise_kg1_85.jpg,bruise,test,0.851,data/ood_dataset/skinimg_benign_keratosis_like_lesions_bkl/extra_skinimg_benign_keratosis_like_lesions_bkl_5.jpg,skinimg_benign_keratosis_like_lesions_bkl
bruise_kg1_94.jpg,bruise,train,0.820,data/ood_dataset/bites_no_bites/extra_bites_no_bites_63.jpg,bites_no_bites
bruise_kg1_97.jpg,bruise,train,0.848,data/ood_dataset/skindis_dermatitis_seboroik/extra_skindis_dermatitis_seboroik_7.jpg,skindis_dermatitis_seboroik
bruise_kg1_100.jpg,bruise,train,0.827,data/ood_dataset/bites_mosquitos/extra_bites_mosquitos_79.jpg,bites_mosquitos
bruise_kg1_108.jpg,bruise,val,0.899,data/ood_dataset/dermnet_cellulitis_impetigo_and_other_bacterial_infections/extra_dermnet_cellulitis_impetigo_and_other_bacterial_infections_37.jpg,dermnet_cellulitis_impetigo_and_other_bacterial_infections
bruise_kg1_109.jpg,bruise,train,0.830,data/ood_dataset/bites_no_bites/extra_bites_no_bites_64.jpg,bites_no_bites
bruise_kg1_110.jpg,bruise,train,0.874,data/ood_dataset/bites_mosquitos/extra_bites_mosquitos_83.jpg,bites_mosquitos
bruise_kg1_111.jpg,bruise,train,0.801,data/ood_dataset/skinimg_melanoma/extra_skinimg_melanoma_3.jpg,skinimg_melanoma
bruise_kg1_112.jpg,bruise,train,0.805,data/ood_dataset/dermnet_urticaria_hives/extra_dermnet_urticaria_hives_87.jpg,dermnet_urticaria_hives
bruise_kg1_113.jpg,bruise,train,0.828,data/ood_dataset/bites_ticks/extra_bites_ticks_38.jpg,bites_ticks
bruise_kg1_131.jpg,bruise,train,0.857,data/ood_dataset/dermnet_lupus_and_other_connective_tissue_diseases/extra_dermnet_lupus_and_other_connective_tissue_diseases_96.jpg,dermnet_lupus_and_other_connective_tissue_diseases
bruise_kg1_132.jpg,bruise,train,0.907,data/ood_dataset/bites_ticks/extra_bites_ticks_42.jpg,bites_ticks
bruise_kg1_134.jpg,bruise,train,0.831,data/ood_dataset/skinimg_benign_keratosis_like_lesions_bkl/extra_skinimg_benign_keratosis_like_lesions_bkl_10.jpg,skinimg_benign_keratosis_like_lesions_bkl
bruise_kg1_138.jpg,bruise,train,0.801,data/ood_dataset/bites_no_bites/extra_bites_no_bites_75.jpg,bites_no_bites
bruise_kg1_147.jpg,bruise,train,0.834,data/ood_dataset/bites_mosquitos/extra_bites_mosquitos_15.jpg,bites_mosquitos
bruise_kg1_150.jpg,bruise,train,0.832,data/ood_dataset/normal_skin/extra_ibrahim_ood_normal_skin_54.jpg,normal_skin
bruise_kg1_151.jpg,bruise,train,0.874,data/ood_dataset/skindis_dermatitis_seboroik/extra_skindis_dermatitis_seboroik_7.jpg,skindis_dermatitis_seboroik
bruise_kg1_155.jpg,bruise,train,0.834,data/ood_dataset/bites_no_bites/extra_bites_no_bites_60.jpg,bites_no_bites
bruise_kg1_157.jpg,bruise,train,0.849,data/ood_dataset/bites_chiggers/extra_bites_chiggers_77.jpg,bites_chiggers
bruise_kg1_158.jpg,bruise,train,0.891,data/ood_dataset/bites_no_bites/extra_bites_no_bites_63.jpg,bites_no_bites
bruise_kg1_160.jpg,bruise,train,0.839,data/ood_dataset/skinimg_melanoma/extra_skinimg_melanoma_85.jpg,skinimg_melanoma
bruise_kg1_163.jpg,bruise,train,0.810,data/ood_dataset/bites_chiggers/extra_bites_chiggers_26.jpg,bites_chiggers
bruise_kg1_164.jpg,bruise,train,0.809,data/ood_dataset/dermnet_urticaria_hives/extra_dermnet_urticaria_hives_74.jpg,dermnet_urticaria_hives
cut_kg1_4.jpg,cut,train,0.811,data/ood_dataset/bites_ticks/extra_bites_ticks_7.jpg,bites_ticks
cut_kg1_15.jpg,cut,test,0.800,data/ood_dataset/skindis_dermatitis_seboroik/extra_skindis_dermatitis_seboroik_54.jpg,skindis_dermatitis_seboroik
cut_kg1_33.jpg,cut,train,0.851,data/ood_dataset/skinimg_atopic_dermatitis/extra_skinimg_atopic_dermatitis_50.jpg,skinimg_atopic_dermatitis
cut_kg1_44.jpg,cut,train,0.800,data/ood_dataset/skindis_dermatitis_kontak_alergi/extra_skindis_dermatitis_kontak_alergi_71.jpg,skindis_dermatitis_kontak_alergi
cut_kg1_72.jpg,cut,train,0.826,data/ood_dataset/normal_skin/extra_ibrahim_ood_normal_skin_60.jpg,normal_skin
cut_kg1_132.jpg,cut,train,0.809,data/ood_dataset/surgical_wound/extra_ibrahim_ood_surgical_wound_153.jpg,surgical_wound
cut_kg1_136.jpg,cut,train,0.801,data/ood_dataset/dermnet_light_diseases_and_disorders_of_pigmentation/extra_dermnet_light_diseases_and_disorders_of_pigmentation_24.jpg,dermnet_light_diseases_and_disorders_of_pigmentation
cut_kg1_147.jpg,cut,val,0.826,data/ood_dataset/dermnet_warts_molluscum_and_other_viral_infections/extra_dermnet_warts_molluscum_and_other_viral_infections_58.jpg,dermnet_warts_molluscum_and_other_viral_infections
cut_kg1_156.jpg,cut,train,0.822,data/ood_dataset/surgical_wound/extra_ibrahim_ood_surgical_wound_32.jpg,surgical_wound
cut_kg1_158.jpg,cut,train,0.807,data/ood_dataset/skindis_dermatitis_perioral/extra_skindis_dermatitis_perioral_94.jpg,skindis_dermatitis_perioral
cut_kg1_164.jpg,cut,val,0.838,data/ood_dataset/surgical_wound/extra_ibrahim_ood_surgical_wound_55.jpg,surgical_wound
cut_kg1_169.jpg,cut,train,0.829,data/ood_dataset/skindis_normal/extra_skindis_normal_124.jpg,skindis_normal
cut_kg1_195.jpg,cut,train,0.818,data/ood_dataset/skindis_normal/extra_skindis_normal_108.jpg,skindis_normal
burn_1st_degree_kg2_0.jpg,burn_1st_degree,train,0.847,data/ood_dataset/bites_ants/extra_bites_ants_17.jpg,bites_ants
burn_2nd_degree_kg2_1.jpg,burn_2nd_degree,train,0.869,data/ood_dataset/dermnet_psoriasis_pictures_lichen_planus_and_related_diseases/extra_dermnet_psoriasis_pictures_lichen_planus_and_related_diseases_55.jpg,dermnet_psoriasis_pictures_lichen_planus_and_related_diseases
burn_1st_degree_kg2_2.jpg,burn_1st_degree,train,0.860,data/ood_dataset/bites_no_bites/extra_bites_no_bites_38.jpg,bites_no_bites
burn_1st_degree_kg2_9.jpg,burn_1st_degree,train,0.806,data/ood_dataset/skinimg_warts_molluscum_and_other_viral_infections/extra_skinimg_warts_molluscum_and_other_viral_infections_21.jpg,skinimg_warts_molluscum_and_other_viral_infections
burn_1st_degree_kg2_11.jpg,burn_1st_degree,val,0.807,data/ood_dataset/skinimg_atopic_dermatitis/extra_skinimg_atopic_dermatitis_55.jpg,skinimg_atopic_dermatitis
burn_2nd_degree_kg2_15.jpg,burn_2nd_degree,train,0.818,data/ood_dataset/bites_ants/extra_bites_ants_35.jpg,bites_ants
burn_2nd_degree_kg2_20.jpg,burn_2nd_degree,train,0.818,data/ood_dataset/skinimg_atopic_dermatitis/extra_skinimg_atopic_dermatitis_51.jpg,skinimg_atopic_dermatitis
burn_2nd_degree_kg2_25.jpg,burn_2nd_degree,train,0.809,data/ood_dataset/skindis_dermatitis_perioral/extra_skindis_dermatitis_perioral_1.jpg,skindis_dermatitis_perioral
burn_1st_degree_kg2_27.jpg,burn_1st_degree,train,0.815,data/ood_dataset/skindis_normal/extra_skindis_normal_253.jpg,skindis_normal
burn_2nd_degree_kg2_32.jpg,burn_2nd_degree,train,0.804,data/ood_dataset/skindis_dermatitis_seboroik/extra_skindis_dermatitis_seboroik_1.jpg,skindis_dermatitis_seboroik
burn_1st_degree_kg2_37.jpg,burn_1st_degree,test,0.808,data/ood_dataset/skindis_normal/extra_skindis_normal_235.jpg,skindis_normal
burn_1st_degree_kg2_41.jpg,burn_1st_degree,train,0.862,data/ood_dataset/bites_no_bites/extra_bites_no_bites_26.jpg,bites_no_bites
burn_2nd_degree_kg2_42.jpg,burn_2nd_degree,test,0.812,data/ood_dataset/skinimg_warts_molluscum_and_other_viral_infections/extra_skinimg_warts_molluscum_and_other_viral_infections_32.jpg,skinimg_warts_molluscum_and_other_viral_infections
burn_1st_degree_kg2_49.jpg,burn_1st_degree,train,0.809,data/ood_dataset/skindis_dermatitis_perioral/extra_skindis_dermatitis_perioral_51.jpg,skindis_dermatitis_perioral
burn_2nd_degree_kg2_80.jpg,burn_2nd_degree,test,0.810,data/ood_dataset/skindis_normal/extra_skindis_normal_134.jpg,skindis_normal
burn_2nd_degree_kg2_82.jpg,burn_2nd_degree,train,0.842,data/ood_dataset/bites_mosquitos/extra_bites_mosquitos_75.jpg,bites_mosquitos
burn_3rd_degree_kg2_84.jpg,burn_3rd_degree,train,0.861,data/ood_dataset/bites_bed_bugs/extra_bites_bed_bugs_34.jpg,bites_bed_bugs
burn_2nd_degree_kg2_86.jpg,burn_2nd_degree,train,0.865,data/ood_dataset/bites_mosquitos/extra_bites_mosquitos_77.jpg,bites_mosquitos
burn_1st_degree_kg2_88.jpg,burn_1st_degree,train,0.836,data/ood_dataset/skindis_dermatitis_seboroik/extra_skindis_dermatitis_seboroik_7.jpg,skindis_dermatitis_seboroik
burn_2nd_degree_kg2_89.jpg,burn_2nd_degree,test,0.829,data/ood_dataset/skinimg_eczema/extra_skinimg_eczema_1.jpg,skinimg_eczema
burn_1st_degree_kg2_90.jpg,burn_1st_degree,train,0.913,data/ood_dataset/bites_ants/extra_bites_ants_16.jpg,bites_ants
burn_2nd_degree_kg2_101.jpg,burn_2nd_degree,train,0.841,data/ood_dataset/dermnet_urticaria_hives/extra_dermnet_urticaria_hives_15.jpg,dermnet_urticaria_hives
burn_1st_degree_kg2_102.jpg,burn_1st_degree,train,0.861,data/ood_dataset/skinimg_tinea_ringworm_candidiasis_and_other_fungal_infections/extra_skinimg_tinea_ringworm_candidiasis_and_other_fungal_infections_1.jpg,skinimg_tinea_ringworm_candidiasis_and_other_fungal_infections
burn_2nd_degree_kg2_104.jpg,burn_2nd_degree,train,0.841,data/ood_dataset/bites_mosquitos/extra_bites_mosquitos_54.jpg,bites_mosquitos
burn_1st_degree_kg2_112.jpg,burn_1st_degree,train,0.809,data/ood_dataset/dermnet_eczema_photos/extra_dermnet_eczema_photos_75.jpg,dermnet_eczema_photos
burn_1st_degree_kg2_115.jpg,burn_1st_degree,val,0.810,data/ood_dataset/dermnet_psoriasis_pictures_lichen_planus_and_related_diseases/extra_dermnet_psoriasis_pictures_lichen_planus_and_related_diseases_83.jpg,dermnet_psoriasis_pictures_lichen_planus_and_related_diseases
burn_2nd_degree_kg2_122.jpg,burn_2nd_degree,train,0.910,data/ood_dataset/bites_mosquitos/extra_bites_mosquitos_78.jpg,bites_mosquitos
burn_3rd_degree_kg2_124.jpg,burn_3rd_degree,train,0.838,data/ood_dataset/skindis_dermatitis_kontak_alergi/extra_skindis_dermatitis_kontak_alergi_54.jpg,skindis_dermatitis_kontak_alergi
burn_1st_degree_kg2_135.jpg,burn_1st_degree,train,0.851,data/ood_dataset/dermnet_atopic_dermatitis_photos/extra_dermnet_atopic_dermatitis_photos_76.jpg,dermnet_atopic_dermatitis_photos
burn_1st_degree_kg2_150.jpg,burn_1st_degree,train,0.816,data/ood_dataset/skinimg_warts_molluscum_and_other_viral_infections/extra_skinimg_warts_molluscum_and_other_viral_infections_23.jpg,skinimg_warts_molluscum_and_other_viral_infections
burn_2nd_degree_kg2_151.jpg,burn_2nd_degree,train,0.820,data/ood_dataset/skindis_dermatitis_kontak_alergi/extra_skindis_dermatitis_kontak_alergi_57.jpg,skindis_dermatitis_kontak_alergi
burn_2nd_degree_kg2_154.jpg,burn_2nd_degree,train,0.948,data/ood_dataset/bites_spiders/extra_bites_spiders_29.jpg,bites_spiders
burn_1st_degree_kg2_156.jpg,burn_1st_degree,val,1.000,data/ood_dataset/bites_ticks/extra_bites_ticks_97.jpg,bites_ticks
burn_3rd_degree_kg2_163.jpg,burn_3rd_degree,train,0.803,data/ood_dataset/skindis_normal/extra_skindis_normal_142.jpg,skindis_normal
burn_2nd_degree_kg2_165.jpg,burn_2nd_degree,train,0.830,data/ood_dataset/skindis_normal/extra_skindis_normal_163.jpg,skindis_normal
burn_3rd_degree_kg2_168.jpg,burn_3rd_degree,test,0.820,data/ood_dataset/skindis_neurodermatitis/extra_skindis_neurodermatitis_76.jpg,skindis_neurodermatitis
burn_1st_degree_kg2_171.jpg,burn_1st_degree,train,0.865,data/ood_dataset/skindis_dermatitis_perioral/extra_skindis_dermatitis_perioral_5.jpg,skindis_dermatitis_perioral
burn_2nd_degree_kg2_178.jpg,burn_2nd_degree,train,0.808,data/ood_dataset/venous_wound/extra_ibrahim_ood_venous_wound_148.jpg,venous_wound
burn_1st_degree_kg2_180.jpg,burn_1st_degree,test,0.810,data/ood_dataset/bites_fleas/extra_bites_fleas_34.jpg,bites_fleas
burn_2nd_degree_kg2_185.jpg,burn_2nd_degree,train,0.808,data/ood_dataset/skindis_dermatitis_kontak_alergi/extra_skindis_dermatitis_kontak_alergi_0.jpg,skindis_dermatitis_kontak_alergi
burn_2nd_degree_kg2_186.jpg,burn_2nd_degree,train,0.802,data/ood_dataset/dermnet_cellulitis_impetigo_and_other_bacterial_infections/extra_dermnet_cellulitis_impetigo_and_other_bacterial_infections_29.jpg,dermnet_cellulitis_impetigo_and_other_bacterial_infections
burn_2nd_degree_kg2_189.jpg,burn_2nd_degree,train,0.818,data/ood_dataset/bites_ants/extra_bites_ants_48.jpg,bites_ants
burn_2nd_degree_kg2_197.jpg,burn_2nd_degree,train,0.865,data/ood_dataset/bites_fleas/extra_bites_fleas_55.jpg,bites_fleas
burn_2nd_degree_kg2_198.jpg,burn_2nd_degree,train,0.803,data/ood_dataset/skindis_neurodermatitis/extra_skindis_neurodermatitis_90.jpg,skindis_neurodermatitis
burn_3rd_degree_kg2_200.jpg,burn_3rd_degree,test,0.810,data/ood_dataset/skinimg_atopic_dermatitis/extra_skinimg_atopic_dermatitis_50.jpg,skinimg_atopic_dermatitis
burn_1st_degree_kg2_202.jpg,burn_1st_degree,train,0.840,data/ood_dataset/bites_bed_bugs/extra_bites_bed_bugs_63.jpg,bites_bed_bugs
burn_1st_degree_kg2_215.jpg,burn_1st_degree,train,0.812,data/ood_dataset/skindis_normal/extra_skindis_normal_98.jpg,skindis_normal
burn_1st_degree_kg2_216.jpg,burn_1st_degree,train,0.811,data/ood_dataset/bites_mosquitos/extra_bites_mosquitos_17.jpg,bites_mosquitos
burn_1st_degree_kg2_217.jpg,burn_1st_degree,train,0.857,data/ood_dataset/bites_no_bites/extra_bites_no_bites_18.jpg,bites_no_bites
burn_1st_degree_kg2_225.jpg,burn_1st_degree,train,0.849,data/ood_dataset/bites_ticks/extra_bites_ticks_82.jpg,bites_ticks
burn_1st_degree_kg2_228.jpg,burn_1st_degree,train,0.811,data/ood_dataset/bites_mosquitos/extra_bites_mosquitos_17.jpg,bites_mosquitos
burn_1st_degree_kg2_234.jpg,burn_1st_degree,train,0.829,data/ood_dataset/dermnet_vascular_tumors/extra_dermnet_vascular_tumors_75.jpg,dermnet_vascular_tumors
burn_2nd_degree_kg2_244.jpg,burn_2nd_degree,train,0.849,data/ood_dataset/surgical_wound/extra_ibrahim_ood_surgical_wound_115.jpg,surgical_wound
burn_1st_degree_kg2_249.jpg,burn_1st_degree,train,0.831,data/ood_dataset/skindis_dermatitis_perioral/extra_skindis_dermatitis_perioral_12.jpg,skindis_dermatitis_perioral
burn_2nd_degree_kg2_250.jpg,burn_2nd_degree,test,0.817,data/ood_dataset/bites_no_bites/extra_bites_no_bites_120.jpg,bites_no_bites
burn_2nd_degree_kg2_251.jpg,burn_2nd_degree,test,0.803,data/ood_dataset/skindis_dermatitis_kontak_alergi/extra_skindis_dermatitis_kontak_alergi_47.jpg,skindis_dermatitis_kontak_alergi
burn_3rd_degree_kg2_252.jpg,burn_3rd_degree,test,0.815,data/ood_dataset/venous_wound/extra_ibrahim_ood_venous_wound_58.jpg,venous_wound
burn_1st_degree_kg2_264.jpg,burn_1st_degree,val,0.831,data/ood_dataset/skindis_dermatitis_seboroik/extra_skindis_dermatitis_seboroik_96.jpg,skindis_dermatitis_seboroik
burn_2nd_degree_kg2_266.jpg,burn_2nd_degree,train,0.811,data/ood_dataset/bites_ants/extra_bites_ants_81.jpg,bites_ants
burn_2nd_degree_kg2_272.jpg,burn_2nd_degree,train,0.834,data/ood_dataset/bites_bed_bugs/extra_bites_bed_bugs_34.jpg,bites_bed_bugs
burn_2nd_degree_kg2_273.jpg,burn_2nd_degree,train,0.804,data/ood_dataset/bites_mosquitos/extra_bites_mosquitos_68.jpg,bites_mosquitos
burn_1st_degree_kg2_275.jpg,burn_1st_degree,train,0.832,data/ood_dataset/bites_bed_bugs/extra_bites_bed_bugs_6.jpg,bites_bed_bugs
burn_1st_degree_kg2_276.jpg,burn_1st_degree,val,0.809,data/ood_dataset/bites_ants/extra_bites_ants_17.jpg,bites_ants
burn_2nd_degree_kg2_277.jpg,burn_2nd_degree,train,0.836,data/ood_dataset/normal_skin/extra_ibrahim_ood_normal_skin_74.jpg,normal_skin
burn_2nd_degree_kg2_289.jpg,burn_2nd_degree,train,0.868,data/ood_dataset/bites_fleas/extra_bites_fleas_38.jpg,bites_fleas
burn_2nd_degree_kg2_290.jpg,burn_2nd_degree,train,0.811,data/ood_dataset/skindis_neurodermatitis/extra_skindis_neurodermatitis_13.jpg,skindis_neurodermatitis
burn_2nd_degree_kg2_291.jpg,burn_2nd_degree,val,0.841,data/ood_dataset/dermnet_psoriasis_pictures_lichen_planus_and_related_diseases/extra_dermnet_psoriasis_pictures_lichen_planus_and_related_diseases_6.jpg,dermnet_psoriasis_pictures_lichen_planus_and_related_diseases
burn_1st_degree_kg2_294.jpg,burn_1st_degree,test,0.874,data/ood_dataset/bites_no_bites/extra_bites_no_bites_8.jpg,bites_no_bites
burn_1st_degree_kg2_296.jpg,burn_1st_degree,train,0.808,data/ood_dataset/dermnet_acne_and_rosacea_photos/extra_dermnet_acne_and_rosacea_photos_27.jpg,dermnet_acne_and_rosacea_photos
burn_1st_degree_kg2_298.jpg,burn_1st_degree,train,0.842,data/ood_dataset/dermnet_poison_ivy_photos_and_other_contact_dermatitis/extra_dermnet_poison_ivy_photos_and_other_contact_dermatitis_47.jpg,dermnet_poison_ivy_photos_and_other_contact_dermatitis
burn_1st_degree_kg2_308.jpg,burn_1st_degree,train,0.819,data/ood_dataset/skindis_dermatitis_kontak_alergi/extra_skindis_dermatitis_kontak_alergi_49.jpg,skindis_dermatitis_kontak_alergi
burn_1st_degree_kg2_312.jpg,burn_1st_degree,train,0.856,data/ood_dataset/bites_ticks/extra_bites_ticks_7.jpg,bites_ticks
burn_2nd_degree_kg2_317.jpg,burn_2nd_degree,train,0.916,data/ood_dataset/bites_fleas/extra_bites_fleas_69.jpg,bites_fleas
burn_2nd_degree_kg2_327.jpg,burn_2nd_degree,train,0.846,data/ood_dataset/bites_no_bites/extra_bites_no_bites_109.jpg,bites_no_bites
burn_2nd_degree_kg2_342.jpg,burn_2nd_degree,train,0.833,data/ood_dataset/bites_mosquitos/extra_bites_mosquitos_63.jpg,bites_mosquitos
burn_1st_degree_kg2_349.jpg,burn_1st_degree,train,0.828,data/ood_dataset/skindis_dermatitis_atopik/extra_skindis_dermatitis_atopik_53.jpg,skindis_dermatitis_atopik
burn_2nd_degree_kg2_351.jpg,burn_2nd_degree,train,0.809,data/ood_dataset/bites_chiggers/extra_bites_chiggers_7.jpg,bites_chiggers
burn_2nd_degree_kg2_354.jpg,burn_2nd_degree,train,0.875,data/ood_dataset/bites_bed_bugs/extra_bites_bed_bugs_63.jpg,bites_bed_bugs
burn_1st_degree_kg2_355.jpg,burn_1st_degree,test,0.800,data/ood_dataset/skinimg_tinea_ringworm_candidiasis_and_other_fungal_infections/extra_skinimg_tinea_ringworm_candidiasis_and_other_fungal_infections_41.jpg,skinimg_tinea_ringworm_candidiasis_and_other_fungal_infections
burn_1st_degree_kg2_357.jpg,burn_1st_degree,train,0.869,data/ood_dataset/normal_skin/extra_ibrahim_ood_normal_skin_36.jpg,normal_skin
burn_2nd_degree_kg2_373.jpg,burn_2nd_degree,test,0.839,data/ood_dataset/skindis_dermatitis_atopik/extra_skindis_dermatitis_atopik_58.jpg,skindis_dermatitis_atopik
burn_1st_degree_kg2_380.jpg,burn_1st_degree,train,0.836,data/ood_dataset/skinimg_basal_cell_carcinoma_bcc/extra_skinimg_basal_cell_carcinoma_bcc_95.jpg,skinimg_basal_cell_carcinoma_bcc
burn_1st_degree_kg2_383.jpg,burn_1st_degree,train,0.821,data/ood_dataset/dermnet_warts_molluscum_and_other_viral_infections/extra_dermnet_warts_molluscum_and_other_viral_infections_31.jpg,dermnet_warts_molluscum_and_other_viral_infections
burn_1st_degree_kg2_388.jpg,burn_1st_degree,train,0.834,data/ood_dataset/skindis_dermatitis_perioral/extra_skindis_dermatitis_perioral_26.jpg,skindis_dermatitis_perioral
burn_1st_degree_kg2_390.jpg,burn_1st_degree,test,0.842,data/ood_dataset/skindis_normal/extra_skindis_normal_98.jpg,skindis_normal
burn_1st_degree_kg2_394.jpg,burn_1st_degree,train,0.804,data/ood_dataset/skindis_normal/extra_skindis_normal_220.jpg,skindis_normal
burn_1st_degree_kg2_395.jpg,burn_1st_degree,train,0.880,data/ood_dataset/bites_ticks/extra_bites_ticks_7.jpg,bites_ticks
burn_2nd_degree_kg2_397.jpg,burn_2nd_degree,test,0.812,data/ood_dataset/skinimg_warts_molluscum_and_other_viral_infections/extra_skinimg_warts_molluscum_and_other_viral_infections_32.jpg,skinimg_warts_molluscum_and_other_viral_infections
burn_2nd_degree_kg2_412.jpg,burn_2nd_degree,train,0.853,data/ood_dataset/bites_ants/extra_bites_ants_57.jpg,bites_ants
burn_2nd_degree_kg2_424.jpg,burn_2nd_degree,train,0.827,data/ood_dataset/bites_spiders/extra_bites_spiders_63.jpg,bites_spiders
burn_1st_degree_kg2_430.jpg,burn_1st_degree,test,0.917,data/ood_dataset/normal_skin/extra_ibrahim_ood_normal_skin_20.jpg,normal_skin
burn_1st_degree_kg2_431.jpg,burn_1st_degree,train,0.811,data/ood_dataset/skinimg_warts_molluscum_and_other_viral_infections/extra_skinimg_warts_molluscum_and_other_viral_infections_21.jpg,skinimg_warts_molluscum_and_other_viral_infections
burn_1st_degree_kg2_433.jpg,burn_1st_degree,train,0.818,data/ood_dataset/skindis_dermatitis_atopik/extra_skindis_dermatitis_atopik_74.jpg,skindis_dermatitis_atopik
burn_1st_degree_kg2_437.jpg,burn_1st_degree,val,0.831,data/ood_dataset/skindis_dermatitis_seboroik/extra_skindis_dermatitis_seboroik_96.jpg,skindis_dermatitis_seboroik
burn_1st_degree_kg2_439.jpg,burn_1st_degree,train,0.805,data/ood_dataset/skindis_dermatitis_perioral/extra_skindis_dermatitis_perioral_3.jpg,skindis_dermatitis_perioral
burn_1st_degree_kg2_440.jpg,burn_1st_degree,train,0.895,data/ood_dataset/bites_no_bites/extra_bites_no_bites_37.jpg,bites_no_bites
burn_2nd_degree_kg2_442.jpg,burn_2nd_degree,train,0.812,data/ood_dataset/skindis_dermatitis_seboroik/extra_skindis_dermatitis_seboroik_28.jpg,skindis_dermatitis_seboroik
burn_1st_degree_kg2_446.jpg,burn_1st_degree,val,1.000,data/ood_dataset/bites_ticks/extra_bites_ticks_97.jpg,bites_ticks
burn_1st_degree_kg2_454.jpg,burn_1st_degree,train,0.846,data/ood_dataset/skindis_dermatitis_perioral/extra_skindis_dermatitis_perioral_54.jpg,skindis_dermatitis_perioral
burn_2nd_degree_kg2_468.jpg,burn_2nd_degree,train,0.859,data/ood_dataset/bites_bed_bugs/extra_bites_bed_bugs_63.jpg,bites_bed_bugs
burn_1st_degree_kg2_472.jpg,burn_1st_degree,train,0.918,data/ood_dataset/bites_ticks/extra_bites_ticks_32.jpg,bites_ticks
burn_2nd_degree_kg2_476.jpg,burn_2nd_degree,train,0.841,data/ood_dataset/bites_no_bites/extra_bites_no_bites_109.jpg,bites_no_bites
burn_1st_degree_kg2_489.jpg,burn_1st_degree,train,0.864,data/ood_dataset/skinimg_tinea_ringworm_candidiasis_and_other_fungal_infections/extra_skinimg_tinea_ringworm_candidiasis_and_other_fungal_infections_1.jpg,skinimg_tinea_ringworm_candidiasis_and_other_fungal_infections
burn_1st_degree_kg2_491.jpg,burn_1st_degree,train,0.818,data/ood_dataset/skindis_dermatitis_atopik/extra_skindis_dermatitis_atopik_74.jpg,skindis_dermatitis_atopik
burn_1st_degree_kg2_494.jpg,burn_1st_degree,train,0.886,data/ood_dataset/skinimg_atopic_dermatitis/extra_skinimg_atopic_dermatitis_42.jpg,skinimg_atopic_dermatitis
burn_1st_degree_kg2_495.jpg,burn_1st_degree,train,0.867,data/ood_dataset/bites_no_bites/extra_bites_no_bites_128.jpg,bites_no_bites
burn_1st_degree_kg2_497.jpg,burn_1st_degree,train,0.834,data/ood_dataset/skindis_dermatitis_perioral/extra_skindis_dermatitis_perioral_4.jpg,skindis_dermatitis_perioral
burn_1st_degree_kg2_501.jpg,burn_1st_degree,test,0.814,data/ood_dataset/dermnet_eczema_photos/extra_dermnet_eczema_photos_66.jpg,dermnet_eczema_photos
burn_2nd_degree_kg2_503.jpg,burn_2nd_degree,test,0.811,data/ood_dataset/skinimg_tinea_ringworm_candidiasis_and_other_fungal_infections/extra_skinimg_tinea_ringworm_candidiasis_and_other_fungal_infections_1.jpg,skinimg_tinea_ringworm_candidiasis_and_other_fungal_infections
burn_1st_degree_kg2_506.jpg,burn_1st_degree,train,0.808,data/ood_dataset/dermnet_cellulitis_impetigo_and_other_bacterial_infections/extra_dermnet_cellulitis_impetigo_and_other_bacterial_infections_93.jpg,dermnet_cellulitis_impetigo_and_other_bacterial_infections
burn_1st_degree_kg2_512.jpg,burn_1st_degree,train,0.894,data/ood_dataset/bites_chiggers/extra_bites_chiggers_77.jpg,bites_chiggers
burn_1st_degree_kg2_520.jpg,burn_1st_degree,train,0.808,data/ood_dataset/dermnet_acne_and_rosacea_photos/extra_dermnet_acne_and_rosacea_photos_27.jpg,dermnet_acne_and_rosacea_photos
burn_1st_degree_kg2_527.jpg,burn_1st_degree,train,0.807,data/ood_dataset/normal_skin/extra_ibrahim_ood_normal_skin_63.jpg,normal_skin
burn_1st_degree_kg2_534.jpg,burn_1st_degree,train,0.803,data/ood_dataset/skinimg_eczema/extra_skinimg_eczema_12.jpg,skinimg_eczema
burn_2nd_degree_kg2_550.jpg,burn_2nd_degree,train,0.808,data/ood_dataset/skindis_dermatitis_kontak_alergi/extra_skindis_dermatitis_kontak_alergi_0.jpg,skindis_dermatitis_kontak_alergi
burn_2nd_degree_kg2_553.jpg,burn_2nd_degree,train,0.814,data/ood_dataset/dermnet_scabies_lyme_disease_and_other_infestations_and_bites/extra_dermnet_scabies_lyme_disease_and_other_infestations_and_bites_83.jpg,dermnet_scabies_lyme_disease_and_other_infestations_and_bites
burn_1st_degree_kg2_554.jpg,burn_1st_degree,test,0.806,data/ood_dataset/skinimg_eczema/extra_skinimg_eczema_38.jpg,skinimg_eczema
burn_2nd_degree_kg2_561.jpg,burn_2nd_degree,val,0.809,data/ood_dataset/skindis_dermatitis_atopik/extra_skindis_dermatitis_atopik_67.jpg,skindis_dermatitis_atopik
burn_1st_degree_kg2_566.jpg,burn_1st_degree,train,0.848,data/ood_dataset/skindis_dermatitis_perioral/extra_skindis_dermatitis_perioral_46.jpg,skindis_dermatitis_perioral
burn_1st_degree_kg2_568.jpg,burn_1st_degree,train,0.813,data/ood_dataset/dermnet_vasculitis_photos/extra_dermnet_vasculitis_photos_18.jpg,dermnet_vasculitis_photos
burn_1st_degree_kg2_575.jpg,burn_1st_degree,train,0.851,data/ood_dataset/bites_mosquitos/extra_bites_mosquitos_36.jpg,bites_mosquitos
burn_1st_degree_kg2_581.jpg,burn_1st_degree,train,0.806,data/ood_dataset/bites_ticks/extra_bites_ticks_47.jpg,bites_ticks
burn_2nd_degree_kg2_585.jpg,burn_2nd_degree,train,0.804,data/ood_dataset/bites_mosquitos/extra_bites_mosquitos_68.jpg,bites_mosquitos
burn_2nd_degree_kg2_587.jpg,burn_2nd_degree,train,0.804,data/ood_dataset/bites_mosquitos/extra_bites_mosquitos_68.jpg,bites_mosquitos
burn_2nd_degree_kg2_589.jpg,burn_2nd_degree,test,0.812,data/ood_dataset/skinimg_warts_molluscum_and_other_viral_infections/extra_skinimg_warts_molluscum_and_other_viral_infections_32.jpg,skinimg_warts_molluscum_and_other_viral_infections
burn_1st_degree_kg2_592.jpg,burn_1st_degree,train,0.869,data/ood_dataset/bites_no_bites/extra_bites_no_bites_26.jpg,bites_no_bites
burn_1st_degree_kg2_602.jpg,burn_1st_degree,train,0.828,data/ood_dataset/skindis_dermatitis_perioral/extra_skindis_dermatitis_perioral_54.jpg,skindis_dermatitis_perioral
burn_1st_degree_kg2_607.jpg,burn_1st_degree,train,0.803,data/ood_dataset/skinimg_atopic_dermatitis/extra_skinimg_atopic_dermatitis_5.jpg,skinimg_atopic_dermatitis
burn_1st_degree_kg2_609.jpg,burn_1st_degree,train,0.859,data/ood_dataset/skinimg_melanoma/extra_skinimg_melanoma_26.jpg,skinimg_melanoma
burn_1st_degree_kg2_615.jpg,burn_1st_degree,train,0.865,data/ood_dataset/bites_ticks/extra_bites_ticks_36.jpg,bites_ticks
burn_1st_degree_kg2_621.jpg,burn_1st_degree,train,0.834,data/ood_dataset/skindis_dermatitis_perioral/extra_skindis_dermatitis_perioral_6.jpg,skindis_dermatitis_perioral
burn_2nd_degree_kg2_627.jpg,burn_2nd_degree,train,0.817,data/ood_dataset/bites_spiders/extra_bites_spiders_33.jpg,bites_spiders
burn_1st_degree_kg2_636.jpg,burn_1st_degree,train,0.825,data/ood_dataset/pressure_wound/extra_ibrahim_ood_pressure_wound_74.jpg,pressure_wound
burn_1st_degree_kg2_643.jpg,burn_1st_degree,test,0.832,data/ood_dataset/skinimg_atopic_dermatitis/extra_skinimg_atopic_dermatitis_92.jpg,skinimg_atopic_dermatitis
burn_1st_degree_kg2_644.jpg,burn_1st_degree,train,0.846,data/ood_dataset/skindis_normal/extra_skindis_normal_147.jpg,skindis_normal
burn_1st_degree_kg2_645.jpg,burn_1st_degree,train,0.826,data/ood_dataset/dermnet_melanoma_skin_cancer_nevi_and_moles/extra_dermnet_melanoma_skin_cancer_nevi_and_moles_88.jpg,dermnet_melanoma_skin_cancer_nevi_and_moles
burn_2nd_degree_kg2_646.jpg,burn_2nd_degree,train,0.814,data/ood_dataset/dermnet_scabies_lyme_disease_and_other_infestations_and_bites/extra_dermnet_scabies_lyme_disease_and_other_infestations_and_bites_83.jpg,dermnet_scabies_lyme_disease_and_other_infestations_and_bites
burn_1st_degree_kg2_648.jpg,burn_1st_degree,train,0.886,data/ood_dataset/skinimg_atopic_dermatitis/extra_skinimg_atopic_dermatitis_42.jpg,skinimg_atopic_dermatitis
burn_1st_degree_kg2_655.jpg,burn_1st_degree,train,0.809,data/ood_dataset/bites_bed_bugs/extra_bites_bed_bugs_65.jpg,bites_bed_bugs
burn_2nd_degree_kg2_677.jpg,burn_2nd_degree,train,0.848,data/ood_dataset/bites_spiders/extra_bites_spiders_7.jpg,bites_spiders
burn_1st_degree_kg2_682.jpg,burn_1st_degree,train,0.811,data/ood_dataset/skindis_normal/extra_skindis_normal_289.jpg,skindis_normal
burn_1st_degree_kg2_683.jpg,burn_1st_degree,test,0.831,data/ood_dataset/skindis_dermatitis_perioral/extra_skindis_dermatitis_perioral_49.jpg,skindis_dermatitis_perioral
burn_2nd_degree_kg2_685.jpg,burn_2nd_degree,train,0.806,data/ood_dataset/skindis_normal/extra_skindis_normal_249.jpg,skindis_normal
burn_1st_degree_kg2_690.jpg,burn_1st_degree,train,0.879,data/ood_dataset/bites_mosquitos/extra_bites_mosquitos_15.jpg,bites_mosquitos
burn_1st_degree_kg2_693.jpg,burn_1st_degree,test,0.845,data/ood_dataset/skindis_normal/extra_skindis_normal_107.jpg,skindis_normal
burn_2nd_degree_kg2_695.jpg,burn_2nd_degree,train,0.875,data/ood_dataset/bites_bed_bugs/extra_bites_bed_bugs_63.jpg,bites_bed_bugs
burn_1st_degree_kg2_699.jpg,burn_1st_degree,test,0.811,data/ood_dataset/normal_skin/extra_ibrahim_ood_normal_skin_28.jpg,normal_skin
burn_1st_degree_kg2_718.jpg,burn_1st_degree,train,0.839,data/ood_dataset/skindis_dermatitis_kontak_alergi/extra_skindis_dermatitis_kontak_alergi_54.jpg,skindis_dermatitis_kontak_alergi
burn_1st_degree_kg2_720.jpg,burn_1st_degree,test,0.825,data/ood_dataset/bites_no_bites/extra_bites_no_bites_74.jpg,bites_no_bites
burn_1st_degree_kg2_724.jpg,burn_1st_degree,test,0.931,data/ood_dataset/bites_mosquitos/extra_bites_mosquitos_32.jpg,bites_mosquitos
burn_1st_degree_kg2_742.jpg,burn_1st_degree,train,0.839,data/ood_dataset/skindis_dermatitis_kontak_alergi/extra_skindis_dermatitis_kontak_alergi_54.jpg,skindis_dermatitis_kontak_alergi
burn_1st_degree_kg2_745.jpg,burn_1st_degree,train,0.819,data/ood_dataset/skindis_dermatitis_kontak_alergi/extra_skindis_dermatitis_kontak_alergi_49.jpg,skindis_dermatitis_kontak_alergi
burn_2nd_degree_kg2_748.jpg,burn_2nd_degree,train,0.814,data/ood_dataset/dermnet_eczema_photos/extra_dermnet_eczema_photos_0.jpg,dermnet_eczema_photos
burn_2nd_degree_kg2_751.jpg,burn_2nd_degree,train,0.800,data/ood_dataset/bites_ants/extra_bites_ants_57.jpg,bites_ants
burn_1st_degree_kg2_752.jpg,burn_1st_degree,train,0.818,data/ood_dataset/bites_ants/extra_bites_ants_48.jpg,bites_ants
burn_1st_degree_kg2_754.jpg,burn_1st_degree,train,0.846,data/ood_dataset/bites_ticks/extra_bites_ticks_96.jpg,bites_ticks
burn_2nd_degree_kg2_756.jpg,burn_2nd_degree,train,0.879,data/ood_dataset/skinimg_seborrheic_keratoses_and_other_benign_tumors/extra_skinimg_seborrheic_keratoses_and_other_benign_tumors_6.jpg,skinimg_seborrheic_keratoses_and_other_benign_tumors
burn_2nd_degree_kg2_760.jpg,burn_2nd_degree,train,0.868,data/ood_dataset/bites_bed_bugs/extra_bites_bed_bugs_63.jpg,bites_bed_bugs
burn_1st_degree_kg2_763.jpg,burn_1st_degree,train,0.824,data/ood_dataset/bites_ants/extra_bites_ants_21.jpg,bites_ants
burn_1st_degree_kg2_766.jpg,burn_1st_degree,train,0.808,data/ood_dataset/venous_wound/extra_ibrahim_ood_venous_wound_148.jpg,venous_wound
burn_1st_degree_kg2_772.jpg,burn_1st_degree,train,0.902,data/ood_dataset/bites_ticks/extra_bites_ticks_45.jpg,bites_ticks
burn_1st_degree_kg2_774.jpg,burn_1st_degree,val,0.829,data/ood_dataset/bites_chiggers/extra_bites_chiggers_41.jpg,bites_chiggers
burn_2nd_degree_kg2_780.jpg,burn_2nd_degree,train,0.807,data/ood_dataset/skinimg_warts_molluscum_and_other_viral_infections/extra_skinimg_warts_molluscum_and_other_viral_infections_88.jpg,skinimg_warts_molluscum_and_other_viral_infections
burn_1st_degree_kg2_785.jpg,burn_1st_degree,val,0.802,data/ood_dataset/skinimg_atopic_dermatitis/extra_skinimg_atopic_dermatitis_50.jpg,skinimg_atopic_dermatitis
burn_2nd_degree_kg2_798.jpg,burn_2nd_degree,train,0.859,data/ood_dataset/bites_spiders/extra_bites_spiders_16.jpg,bites_spiders
burn_1st_degree_kg2_801.jpg,burn_1st_degree,train,0.811,data/ood_dataset/skinimg_atopic_dermatitis/extra_skinimg_atopic_dermatitis_4.jpg,skinimg_atopic_dermatitis
burn_1st_degree_kg2_805.jpg,burn_1st_degree,train,0.838,data/ood_dataset/skinimg_atopic_dermatitis/extra_skinimg_atopic_dermatitis_41.jpg,skinimg_atopic_dermatitis
burn_1st_degree_kg2_807.jpg,burn_1st_degree,test,0.828,data/ood_dataset/skindis_dermatitis_perioral/extra_skindis_dermatitis_perioral_39.jpg,skindis_dermatitis_perioral
burn_1st_degree_kg2_815.jpg,burn_1st_degree,test,0.818,data/ood_dataset/bites_bed_bugs/extra_bites_bed_bugs_54.jpg,bites_bed_bugs
burn_1st_degree_kg2_819.jpg,burn_1st_degree,train,0.805,data/ood_dataset/dermnet_tinea_ringworm_candidiasis_and_other_fungal_infections/extra_dermnet_tinea_ringworm_candidiasis_and_other_fungal_infections_30.jpg,dermnet_tinea_ringworm_candidiasis_and_other_fungal_infections
burn_2nd_degree_kg2_821.jpg,burn_2nd_degree,test,0.808,data/ood_dataset/dermnet_warts_molluscum_and_other_viral_infections/extra_dermnet_warts_molluscum_and_other_viral_infections_48.jpg,dermnet_warts_molluscum_and_other_viral_infections
burn_2nd_degree_kg2_824.jpg,burn_2nd_degree,train,0.884,data/ood_dataset/skinimg_psoriasis_pictures_lichen_planus_and_related_diseases/extra_skinimg_psoriasis_pictures_lichen_planus_and_related_diseases_5.jpg,skinimg_psoriasis_pictures_lichen_planus_and_related_diseases
burn_2nd_degree_kg2_826.jpg,burn_2nd_degree,val,0.801,data/ood_dataset/dermnet_eczema_photos/extra_dermnet_eczema_photos_4.jpg,dermnet_eczema_photos
burn_1st_degree_kg2_832.jpg,burn_1st_degree,train,0.800,data/ood_dataset/bites_no_bites/extra_bites_no_bites_127.jpg,bites_no_bites
burn_2nd_degree_kg2_836.jpg,burn_2nd_degree,val,0.804,data/ood_dataset/dermnet_seborrheic_keratoses_and_other_benign_tumors/extra_dermnet_seborrheic_keratoses_and_other_benign_tumors_62.jpg,dermnet_seborrheic_keratoses_and_other_benign_tumors
burn_2nd_degree_kg2_845.jpg,burn_2nd_degree,train,0.834,data/ood_dataset/dermnet_actinic_keratosis_basal_cell_carcinoma_and_other_malignant_lesions/extra_dermnet_actinic_keratosis_basal_cell_carcinoma_and_other_malignant_lesions_59.jpg,dermnet_actinic_keratosis_basal_cell_carcinoma_and_other_malignant_lesions
burn_2nd_degree_kg2_847.jpg,burn_2nd_degree,train,0.807,data/ood_dataset/skindis_normal/extra_skindis_normal_154.jpg,skindis_normal
burn_2nd_degree_kg2_849.jpg,burn_2nd_degree,train,0.868,data/ood_dataset/bites_bed_bugs/extra_bites_bed_bugs_63.jpg,bites_bed_bugs
burn_1st_degree_kg2_851.jpg,burn_1st_degree,train,0.880,data/ood_dataset/bites_ants/extra_bites_ants_57.jpg,bites_ants
burn_1st_degree_kg2_871.jpg,burn_1st_degree,val,0.803,data/ood_dataset/dermnet_cellulitis_impetigo_and_other_bacterial_infections/extra_dermnet_cellulitis_impetigo_and_other_bacterial_infections_29.jpg,dermnet_cellulitis_impetigo_and_other_bacterial_infections
burn_1st_degree_kg2_875.jpg,burn_1st_degree,train,0.846,data/ood_dataset/skindis_normal/extra_skindis_normal_147.jpg,skindis_normal
burn_2nd_degree_kg2_886.jpg,burn_2nd_degree,train,0.873,data/ood_dataset/skinimg_seborrheic_keratoses_and_other_benign_tumors/extra_skinimg_seborrheic_keratoses_and_other_benign_tumors_52.jpg,skinimg_seborrheic_keratoses_and_other_benign_tumors
burn_1st_degree_kg2_888.jpg,burn_1st_degree,test,0.813,data/ood_dataset/bites_ticks/extra_bites_ticks_47.jpg,bites_ticks
burn_1st_degree_kg2_893.jpg,burn_1st_degree,train,0.807,data/ood_dataset/bites_bed_bugs/extra_bites_bed_bugs_34.jpg,bites_bed_bugs
burn_2nd_degree_kg2_894.jpg,burn_2nd_degree,train,0.888,data/ood_dataset/bites_mosquitos/extra_bites_mosquitos_81.jpg,bites_mosquitos
burn_3rd_degree_kg2_899.jpg,burn_3rd_degree,val,0.801,data/ood_dataset/skindis_normal/extra_skindis_normal_98.jpg,skindis_normal
burn_2nd_degree_kg2_904.jpg,burn_2nd_degree,train,0.848,data/ood_dataset/skindis_dermatitis_perioral/extra_skindis_dermatitis_perioral_46.jpg,skindis_dermatitis_perioral
burn_1st_degree_kg2_905.jpg,burn_1st_degree,train,0.918,data/ood_dataset/bites_ticks/extra_bites_ticks_32.jpg,bites_ticks
burn_2nd_degree_kg2_906.jpg,burn_2nd_degree,train,0.809,data/ood_dataset/skinimg_atopic_dermatitis/extra_skinimg_atopic_dermatitis_9.jpg,skinimg_atopic_dermatitis
burn_1st_degree_kg2_907.jpg,burn_1st_degree,train,0.885,data/ood_dataset/dermnet_scabies_lyme_disease_and_other_infestations_and_bites/extra_dermnet_scabies_lyme_disease_and_other_infestations_and_bites_43.jpg,dermnet_scabies_lyme_disease_and_other_infestations_and_bites
burn_1st_degree_kg2_910.jpg,burn_1st_degree,test,0.831,data/ood_dataset/skinimg_eczema/extra_skinimg_eczema_3.jpg,skinimg_eczema
burn_2nd_degree_kg2_912.jpg,burn_2nd_degree,train,0.842,data/ood_dataset/dermnet_scabies_lyme_disease_and_other_infestations_and_bites/extra_dermnet_scabies_lyme_disease_and_other_infestations_and_bites_5.jpg,dermnet_scabies_lyme_disease_and_other_infestations_and_bites
burn_1st_degree_kg2_939.jpg,burn_1st_degree,train,0.807,data/ood_dataset/dermnet_exanthems_and_drug_eruptions/extra_dermnet_exanthems_and_drug_eruptions_79.jpg,dermnet_exanthems_and_drug_eruptions
burn_1st_degree_kg2_946.jpg,burn_1st_degree,train,0.812,data/ood_dataset/dermnet_lupus_and_other_connective_tissue_diseases/extra_dermnet_lupus_and_other_connective_tissue_diseases_80.jpg,dermnet_lupus_and_other_connective_tissue_diseases
burn_2nd_degree_kg2_950.jpg,burn_2nd_degree,train,0.857,data/ood_dataset/bites_ticks/extra_bites_ticks_42.jpg,bites_ticks
burn_2nd_degree_kg2_955.jpg,burn_2nd_degree,val,0.803,data/ood_dataset/skinimg_basal_cell_carcinoma_bcc/extra_skinimg_basal_cell_carcinoma_bcc_80.jpg,skinimg_basal_cell_carcinoma_bcc
burn_1st_degree_kg2_959.jpg,burn_1st_degree,train,0.846,data/ood_dataset/skindis_dermatitis_perioral/extra_skindis_dermatitis_perioral_54.jpg,skindis_dermatitis_perioral
burn_1st_degree_kg2_960.jpg,burn_1st_degree,train,0.800,data/ood_dataset/skindis_dermatitis_seboroik/extra_skindis_dermatitis_seboroik_47.jpg,skindis_dermatitis_seboroik
burn_1st_degree_kg2_961.jpg,burn_1st_degree,train,0.807,data/ood_dataset/bites_bed_bugs/extra_bites_bed_bugs_34.jpg,bites_bed_bugs
burn_2nd_degree_kg2_973.jpg,burn_2nd_degree,train,0.800,data/ood_dataset/bites_no_bites/extra_bites_no_bites_127.jpg,bites_no_bites
burn_2nd_degree_kg2_974.jpg,burn_2nd_degree,train,0.809,data/ood_dataset/bites_spiders/extra_bites_spiders_54.jpg,bites_spiders
burn_1st_degree_kg2_978.jpg,burn_1st_degree,train,0.832,data/ood_dataset/skinimg_atopic_dermatitis/extra_skinimg_atopic_dermatitis_41.jpg,skinimg_atopic_dermatitis
burn_2nd_degree_kg2_981.jpg,burn_2nd_degree,train,0.808,data/ood_dataset/dermnet_psoriasis_pictures_lichen_planus_and_related_diseases/extra_dermnet_psoriasis_pictures_lichen_planus_and_related_diseases_75.jpg,dermnet_psoriasis_pictures_lichen_planus_and_related_diseases
burn_2nd_degree_kg2_983.jpg,burn_2nd_degree,train,0.820,data/ood_dataset/skinimg_eczema/extra_skinimg_eczema_42.jpg,skinimg_eczema
burn_1st_degree_kg2_985.jpg,burn_1st_degree,train,0.803,data/ood_dataset/bites_ticks/extra_bites_ticks_8.jpg,bites_ticks
burn_1st_degree_kg2_986.jpg,burn_1st_degree,train,0.828,data/ood_dataset/skindis_normal/extra_skindis_normal_114.jpg,skindis_normal
burn_3rd_degree_kg2_987.jpg,burn_3rd_degree,train,0.829,data/ood_dataset/bites_spiders/extra_bites_spiders_16.jpg,bites_spiders
burn_1st_degree_kg2_989.jpg,burn_1st_degree,train,0.825,data/ood_dataset/skinimg_psoriasis_pictures_lichen_planus_and_related_diseases/extra_skinimg_psoriasis_pictures_lichen_planus_and_related_diseases_5.jpg,skinimg_psoriasis_pictures_lichen_planus_and_related_diseases
burn_1st_degree_kg2_1008.jpg,burn_1st_degree,train,0.801,data/ood_dataset/skinimg_atopic_dermatitis/extra_skinimg_atopic_dermatitis_77.jpg,skinimg_atopic_dermatitis
burn_2nd_degree_kg2_1013.jpg,burn_2nd_degree,train,0.811,data/ood_dataset/dermnet_actinic_keratosis_basal_cell_carcinoma_and_other_malignant_lesions/extra_dermnet_actinic_keratosis_basal_cell_carcinoma_and_other_malignant_lesions_59.jpg,dermnet_actinic_keratosis_basal_cell_carcinoma_and_other_malignant_lesions
burn_2nd_degree_kg2_1015.jpg,burn_2nd_degree,train,0.820,data/ood_dataset/skindis_dermatitis_atopik/extra_skindis_dermatitis_atopik_69.jpg,skindis_dermatitis_atopik
burn_3rd_degree_kg2_1016.jpg,burn_3rd_degree,train,0.829,data/ood_dataset/bites_spiders/extra_bites_spiders_16.jpg,bites_spiders
burn_1st_degree_kg2_1027.jpg,burn_1st_degree,test,0.802,data/ood_dataset/dermnet_lupus_and_other_connective_tissue_diseases/extra_dermnet_lupus_and_other_connective_tissue_diseases_51.jpg,dermnet_lupus_and_other_connective_tissue_diseases
burn_1st_degree_kg2_1041.jpg,burn_1st_degree,train,0.818,data/ood_dataset/dermnet_light_diseases_and_disorders_of_pigmentation/extra_dermnet_light_diseases_and_disorders_of_pigmentation_10.jpg,dermnet_light_diseases_and_disorders_of_pigmentation
burn_1st_degree_kg2_1042.jpg,burn_1st_degree,train,0.839,data/ood_dataset/dermnet_atopic_dermatitis_photos/extra_dermnet_atopic_dermatitis_photos_9.jpg,dermnet_atopic_dermatitis_photos
burn_2nd_degree_kg2_1051.jpg,burn_2nd_degree,train,0.815,data/ood_dataset/skindis_normal/extra_skindis_normal_140.jpg,skindis_normal
