filename,class,burn_degree,source_filename
abrasion_kg1_0.jpg,abrasion,,047fa6d0-7f15-4e26-8a90-6e684b806a32.jpg
abrasion_kg1_1.jpg,abrasion,,100.jpg
abrasion_kg1_2.jpg,abrasion,,101.jpg
abrasion_kg1_3.jpg,abrasion,,102.jpg
abrasion_kg1_4.jpg,abrasion,,104.jpg
abrasion_kg1_5.jpg,abrasion,,105.jpg
abrasion_kg1_6.jpg,abrasion,,106.jpg
abrasion_kg1_7.jpg,abrasion,,107.jpg
abrasion_kg1_8.jpg,abrasion,,108.jpg
abrasion_kg1_9.jpg,abrasion,,109.jpg
abrasion_kg1_10.jpg,abrasion,,110.jpg
abrasion_kg1_11.jpg,abrasion,,111.jpg
abrasion_kg1_12.jpg,abrasion,,112.jpg
abrasion_kg1_13.jpg,abrasion,,113.jpg
abrasion_kg1_14.jpg,abrasion,,114.jpg
abrasion_kg1_15.jpg,abrasion,,115.jpg
abrasion_kg1_16.jpg,abrasion,,116.jpg
abrasion_kg1_17.jpg,abrasion,,117.jpg
abrasion_kg1_18.jpg,abrasion,,118.jpg
abrasion_kg1_19.jpg,abrasion,,119.jpg
abrasion_kg1_20.jpg,abrasion,,120.jpg
abrasion_kg1_21.jpg,abrasion,,121.jpg
abrasion_kg1_22.jpg,abrasion,,122.jpg
abrasion_kg1_23.jpg,abrasion,,123.jpg
abrasion_kg1_24.jpg,abrasion,,124.jpg
abrasion_kg1_25.jpg,abrasion,,125.jpg
abrasion_kg1_26.jpg,abrasion,,126.jpg
abrasion_kg1_27.jpg,abrasion,,127.jpg
abrasion_kg1_28.jpg,abrasion,,128.jpg
abrasion_kg1_29.jpg,abrasion,,129.jpg
abrasion_kg1_30.jpg,abrasion,,130.jpg
abrasion_kg1_31.jpg,abrasion,,131.jpg
abrasion_kg1_32.jpg,abrasion,,132.jpg
abrasion_kg1_33.jpg,abrasion,,134.jpg
abrasion_kg1_34.jpg,abrasion,,135.jpg
abrasion_kg1_35.jpg,abrasion,,136.jpg
abrasion_kg1_36.jpg,abrasion,,137.jpg
abrasion_kg1_37.jpg,abrasion,,138.jpg
abrasion_kg1_38.jpg,abrasion,,139.jpg
abrasion_kg1_39.jpg,abrasion,,140.jpg
abrasion_kg1_40.jpg,abrasion,,141.jpg
abrasion_kg1_41.jpg,abrasion,,142.jpg
abrasion_kg1_42.jpg,abrasion,,143.jpg
abrasion_kg1_43.jpg,abrasion,,144.jpg
abrasion_kg1_44.jpg,abrasion,,145.jpg
abrasion_kg1_45.jpg,abrasion,,146.jpg
abrasion_kg1_46.jpg,abrasion,,147.jpg
abrasion_kg1_47.jpg,abrasion,,148.jpg
abrasion_kg1_48.jpg,abrasion,,150.jpg
abrasion_kg1_49.jpg,abrasion,,151.jpg
abrasion_kg1_50.jpg,abrasion,,155.jpg
abrasion_kg1_51.jpg,abrasion,,156.jpg
abrasion_kg1_52.jpg,abrasion,,157.jpg
abrasion_kg1_53.jpg,abrasion,,159.jpg
abrasion_kg1_54.jpg,abrasion,,160.jpg
abrasion_kg1_55.jpg,abrasion,,161.jpg
abrasion_kg1_56.jpg,abrasion,,162.jpg
abrasion_kg1_57.jpg,abrasion,,163.jpg
abrasion_kg1_58.jpg,abrasion,,164.jpg
abrasion_kg1_59.jpg,abrasion,,165.jpg
abrasion_kg1_60.jpg,abrasion,,166.jpg
abrasion_kg1_61.jpg,abrasion,,167.jpg
abrasion_kg1_62.jpg,abrasion,,168.jpg
abrasion_kg1_63.jpg,abrasion,,169.jpg
abrasion_kg1_64.jpg,abrasion,,170.jpg
abrasion_kg1_65.jpg,abrasion,,172.jpg
abrasion_kg1_66.jpg,abrasion,,174.jpg
abrasion_kg1_67.jpg,abrasion,,175.jpg
abrasion_kg1_68.jpg,abrasion,,176.jpg
abrasion_kg1_69.jpg,abrasion,,177.jpg
abrasion_kg1_70.jpg,abrasion,,178.jpg
abrasion_kg1_71.jpg,abrasion,,179.jpg
abrasion_kg1_72.jpg,abrasion,,180.jpg
abrasion_kg1_73.jpg,abrasion,,181.jpg
abrasion_kg1_74.jpg,abrasion,,183.jpg
abrasion_kg1_75.jpg,abrasion,,184.jpg
abrasion_kg1_76.jpg,abrasion,,185.jpg
abrasion_kg1_77.jpg,abrasion,,186.jpg
abrasion_kg1_78.jpg,abrasion,,187.jpg
abrasion_kg1_79.jpg,abrasion,,188.jpg
abrasion_kg1_80.jpg,abrasion,,189.jpg
abrasion_kg1_81.jpg,abrasion,,190.jpg
abrasion_kg1_82.jpg,abrasion,,191.jpg
abrasion_kg1_83.jpg,abrasion,,192.jpg
abrasion_kg1_84.jpg,abrasion,,193.jpg
abrasion_kg1_85.jpg,abrasion,,195.jpg
abrasion_kg1_86.jpg,abrasion,,196.jpg
abrasion_kg1_87.jpg,abrasion,,197.jpg
abrasion_kg1_88.jpg,abrasion,,198.jpg
abrasion_kg1_89.jpg,abrasion,,199.jpg
abrasion_kg1_90.jpg,abrasion,,200.jpg
abrasion_kg1_91.jpg,abrasion,,201.jpg
abrasion_kg1_92.jpg,abrasion,,202.jpg
abrasion_kg1_93.jpg,abrasion,,203.jpg
abrasion_kg1_94.jpg,abrasion,,204.jpg
abrasion_kg1_95.jpg,abrasion,,205.jpg
abrasion_kg1_96.jpg,abrasion,,206.jpg
abrasion_kg1_97.jpg,abrasion,,207.jpg
abrasion_kg1_98.jpg,abrasion,,208.jpg
abrasion_kg1_99.jpg,abrasion,,210.jpg
abrasion_kg1_100.jpg,abrasion,,211.jpg
abrasion_kg1_101.jpg,abrasion,,212.jpg
abrasion_kg1_102.jpg,abrasion,,213.jpg
abrasion_kg1_103.jpg,abrasion,,214.jpg
abrasion_kg1_104.jpg,abrasion,,215.jpg
abrasion_kg1_105.jpg,abrasion,,216.jpg
abrasion_kg1_106.jpg,abrasion,,217.jpg
abrasion_kg1_107.jpg,abrasion,,218.jpg
abrasion_kg1_108.jpg,abrasion,,219.jpg
abrasion_kg1_109.jpg,abrasion,,221.jpg
abrasion_kg1_110.jpg,abrasion,,222.jpg
abrasion_kg1_111.jpg,abrasion,,224.jpg
abrasion_kg1_112.jpg,abrasion,,225.jpg
abrasion_kg1_113.jpg,abrasion,,226.jpg
abrasion_kg1_114.jpg,abrasion,,227.jpg
abrasion_kg1_115.jpg,abrasion,,228.jpg
abrasion_kg1_116.jpg,abrasion,,229.jpg
abrasion_kg1_117.jpg,abrasion,,230.jpg
abrasion_kg1_118.jpg,abrasion,,231.jpg
abrasion_kg1_119.jpg,abrasion,,232.jpg
abrasion_kg1_120.jpg,abrasion,,234.jpg
abrasion_kg1_121.jpg,abrasion,,235.jpg
abrasion_kg1_122.jpg,abrasion,,236.jpg
abrasion_kg1_123.jpg,abrasion,,237.jpg
abrasion_kg1_124.jpg,abrasion,,238.jpg
abrasion_kg1_125.jpg,abrasion,,239.jpg
abrasion_kg1_126.jpg,abrasion,,240.jpg
abrasion_kg1_127.jpg,abrasion,,241.jpg
abrasion_kg1_128.jpg,abrasion,,242.jpg
abrasion_kg1_129.jpg,abrasion,,243.jpg
abrasion_kg1_130.jpg,abrasion,,319de76d-1fa4-4d16-be96-62d7e4ac788b.jpeg
abrasion_kg1_131.jpg,abrasion,,36296506-4ac4-4e6e-a6aa-5a48f34227be.jpg
abrasion_kg1_132.jpg,abrasion,,38303cd9-4b64-451e-a577-64b90147c240.JPG
abrasion_kg1_133.jpg,abrasion,,3f76b2e9-7176-4887-858c-9d17c32a97cd.jpg
abrasion_kg1_134.jpg,abrasion,,561292bb-6950-4a50-a0bf-1d1d0a6ad408.jpg
abrasion_kg1_135.jpg,abrasion,,5b23abc4-dfc1-4efd-adba-2da5e91d8cb3.jpg
abrasion_kg1_136.jpg,abrasion,,5b2e255d-da6e-47af-b57b-6c23d75feb48.jpg
abrasion_kg1_137.jpg,abrasion,,5cc8503e-793a-4abc-b2ac-ec448340515f.jpg
abrasion_kg1_138.jpg,abrasion,,6061fb12-fab9-46b4-9fc8-df2b251f9e8d.jpg
abrasion_kg1_139.jpg,abrasion,,62fe7d1a-e4f6-4ab9-8191-4fb63742bcaa.jpg
abrasion_kg1_140.jpg,abrasion,,64237548-2dd5-472b-a60d-fe7c1be47dab.jpg
abrasion_kg1_141.jpg,abrasion,,718d168b-df9d-42f0-9c25-e821b66b6ef9.jpg
abrasion_kg1_142.jpg,abrasion,,83.jpg
abrasion_kg1_143.jpg,abrasion,,84.jpg
abrasion_kg1_144.jpg,abrasion,,85.jpg
abrasion_kg1_145.jpg,abrasion,,86.jpg
abrasion_kg1_146.jpg,abrasion,,87.jpg
abrasion_kg1_147.jpg,abrasion,,88.jpg
abrasion_kg1_148.jpg,abrasion,,89.jpg
abrasion_kg1_149.jpg,abrasion,,8a32d62d-0fdd-4d0a-9fac-618bf50e734a.jpeg
abrasion_kg1_150.jpg,abrasion,,90.jpg
abrasion_kg1_151.jpg,abrasion,,91.jpg
abrasion_kg1_152.jpg,abrasion,,92.jpg
abrasion_kg1_153.jpg,abrasion,,94.jpg
abrasion_kg1_154.jpg,abrasion,,95.jpg
abrasion_kg1_155.jpg,abrasion,,96.jpg
abrasion_kg1_156.jpg,abrasion,,97.jpg
abrasion_kg1_157.jpg,abrasion,,98.jpg
abrasion_kg1_158.jpg,abrasion,,99.jpg
abrasion_kg1_159.jpg,abrasion,,9fae5fe7-2ed8-48bc-b4f2-e0c15270726b.jpg
abrasion_kg1_160.jpg,abrasion,,a0ea80bd-7b79-452d-ac55-ddd84f9c0e32.jpg
abrasion_kg1_161.jpg,abrasion,,a192fc80-a86a-427e-bdef-0e95169e398d.jpg
abrasion_kg1_162.jpg,abrasion,,abrasions (1).jpg
abrasion_kg1_163.jpg,abrasion,,abrasions (10).jpg
abrasion_kg1_164.jpg,abrasion,,abrasions (12).jpg
abrasion_kg1_165.jpg,abrasion,,abrasions (13).jpg
abrasion_kg1_166.jpg,abrasion,,abrasions (15).jpg
abrasion_kg1_167.jpg,abrasion,,abrasions (21).jpg
abrasion_kg1_168.jpg,abrasion,,abrasions (30).jpg
abrasion_kg1_169.jpg,abrasion,,abrasions (33).jpg
abrasion_kg1_170.jpg,abrasion,,abrasions (34).jpg
abrasion_kg1_171.jpg,abrasion,,abrasions (45).jpg
abrasion_kg1_172.jpg,abrasion,,abrasions (48).jpg
abrasion_kg1_173.jpg,abrasion,,abrasions (49).jpg
abrasion_kg1_174.jpg,abrasion,,abrasions (5).jpg
abrasion_kg1_175.jpg,abrasion,,abrasions (52).jpg
abrasion_kg1_176.jpg,abrasion,,abrasions (53).jpg
abrasion_kg1_177.jpg,abrasion,,abrasions (54).jpg
abrasion_kg1_178.jpg,abrasion,,abrasions (55).jpg
abrasion_kg1_179.jpg,abrasion,,abrasions (57).jpg
abrasion_kg1_180.jpg,abrasion,,abrasions (59).jpg
abrasion_kg1_181.jpg,abrasion,,abrasions (62).jpg
abrasion_kg1_182.jpg,abrasion,,abrasions (64).jpg
abrasion_kg1_183.jpg,abrasion,,abrasions (67).jpg
abrasion_kg1_184.jpg,abrasion,,abrasions (68).jpg
abrasion_kg1_185.jpg,abrasion,,abrasions (69).jpg
abrasion_kg1_186.jpg,abrasion,,abrasions (72).jpg
abrasion_kg1_187.jpg,abrasion,,abrasions (8).jpg
abrasion_kg1_188.jpg,abrasion,,abrasions (82).jpg
abrasion_kg1_189.jpg,abrasion,,abrasions (85).jpg
abrasion_kg1_190.jpg,abrasion,,abrasions (9).jpg
abrasion_kg1_191.jpg,abrasion,,ace21a97-2c07-41ba-9cdd-b62285b5e25b.jpg
abrasion_kg1_192.jpg,abrasion,,baeb6fc1-9d57-44a4-9b4f-860081009da0.jpg
abrasion_kg1_193.jpg,abrasion,,d48ce918-70dc-47be-8da8-5c6286ea2ea8.jpg
abrasion_kg1_194.jpg,abrasion,,d70855ce-d336-4349-9f6f-7739039ab1eb.jpg
abrasion_kg1_195.jpg,abrasion,,fa25cee3-d94d-42b5-9ec8-6f09af59a9a9.jpg
bruise_kg1_0.jpg,bruise,,01f1e85c-6c12-4d4b-a690-89e069a83b0a.jpg
bruise_kg1_1.jpg,bruise,,020d5205-425d-4d7f-8895-f806e3e3d89b.jpg
bruise_kg1_2.jpg,bruise,,03d3809b-9b0d-4703-9015-76f2b359ced8.jpg
bruise_kg1_3.jpg,bruise,,08792aab-a37f-4471-9b8f-2f058c7e4a5f.jpg
bruise_kg1_4.jpg,bruise,,11aede8f-a988-48f0-91b8-40c0a27128c0.jpg
bruise_kg1_5.jpg,bruise,,123.jpg
bruise_kg1_6.jpg,bruise,,124.jpg
bruise_kg1_7.jpg,bruise,,125.jpg
bruise_kg1_8.jpg,bruise,,126.jpg
bruise_kg1_9.jpg,bruise,,127.jpg
bruise_kg1_10.jpg,bruise,,128.jpg
bruise_kg1_11.jpg,bruise,,129.jpg
bruise_kg1_12.jpg,bruise,,130.jpg
bruise_kg1_13.jpg,bruise,,131.jpg
bruise_kg1_14.jpg,bruise,,132.jpg
bruise_kg1_15.jpg,bruise,,133.jpg
bruise_kg1_16.jpg,bruise,,134.jpg
bruise_kg1_17.jpg,bruise,,135.jpg
bruise_kg1_18.jpg,bruise,,136.jpg
bruise_kg1_19.jpg,bruise,,137.jpg
bruise_kg1_20.jpg,bruise,,139.jpg
bruise_kg1_21.jpg,bruise,,140.jpg
bruise_kg1_22.jpg,bruise,,141.jpg
bruise_kg1_23.jpg,bruise,,142.jpg
bruise_kg1_24.jpg,bruise,,143.jpg
bruise_kg1_25.jpg,bruise,,144.jpg
bruise_kg1_26.jpg,bruise,,145.jpg
bruise_kg1_27.jpg,bruise,,146.jpg
bruise_kg1_28.jpg,bruise,,147.jpg
bruise_kg1_29.jpg,bruise,,148.jpg
bruise_kg1_30.jpg,bruise,,149.jpg
bruise_kg1_31.jpg,bruise,,150.jpg
bruise_kg1_32.jpg,bruise,,151.jpg
bruise_kg1_33.jpg,bruise,,152.jpg
bruise_kg1_34.jpg,bruise,,154.jpg
bruise_kg1_35.jpg,bruise,,15599ca0-1857-4e07-ad9c-84b8a495232a.jpg
bruise_kg1_36.jpg,bruise,,156.jpg
bruise_kg1_37.jpg,bruise,,157.jpg
bruise_kg1_38.jpg,bruise,,159.jpg
bruise_kg1_39.jpg,bruise,,160.jpg
bruise_kg1_40.jpg,bruise,,161.jpg
bruise_kg1_41.jpg,bruise,,162.jpg
bruise_kg1_42.jpg,bruise,,163.jpg
bruise_kg1_43.jpg,bruise,,164.jpg
bruise_kg1_44.jpg,bruise,,165.jpg
bruise_kg1_45.jpg,bruise,,166.jpg
bruise_kg1_46.jpg,bruise,,167.jpg
bruise_kg1_47.jpg,bruise,,168.jpg
bruise_kg1_48.jpg,bruise,,169.jpg
bruise_kg1_49.jpg,bruise,,170.jpg
bruise_kg1_50.jpg,bruise,,171.jpg
bruise_kg1_51.jpg,bruise,,172.jpg
bruise_kg1_52.jpg,bruise,,173.jpg
bruise_kg1_53.jpg,bruise,,174.jpg
bruise_kg1_54.jpg,bruise,,175.jpg
bruise_kg1_55.jpg,bruise,,176.jpg
bruise_kg1_56.jpg,bruise,,178.jpg
bruise_kg1_57.jpg,bruise,,179.jpg
bruise_kg1_58.jpg,bruise,,180.jpg
bruise_kg1_59.jpg,bruise,,181.jpg
bruise_kg1_60.jpg,bruise,,182.jpg
bruise_kg1_61.jpg,bruise,,183.jpg
bruise_kg1_62.jpg,bruise,,184.jpg
bruise_kg1_63.jpg,bruise,,185.jpg
bruise_kg1_64.jpg,bruise,,186.jpg
bruise_kg1_65.jpg,bruise,,187.jpg
bruise_kg1_66.jpg,bruise,,190.jpg
bruise_kg1_67.jpg,bruise,,191.jpg
bruise_kg1_68.jpg,bruise,,192.jpg
bruise_kg1_69.jpg,bruise,,193.jpg
bruise_kg1_70.jpg,bruise,,194.jpg
bruise_kg1_71.jpg,bruise,,195.jpg
bruise_kg1_72.jpg,bruise,,197.jpg
bruise_kg1_73.jpg,bruise,,198.jpg
bruise_kg1_74.jpg,bruise,,199.jpg
bruise_kg1_75.jpg,bruise,,201.jpg
bruise_kg1_76.jpg,bruise,,203.jpg
bruise_kg1_77.jpg,bruise,,205.jpg
bruise_kg1_78.jpg,bruise,,206.jpg
bruise_kg1_79.jpg,bruise,,208.jpg
bruise_kg1_80.jpg,bruise,,209.jpg
bruise_kg1_81.jpg,bruise,,210.jpg
bruise_kg1_82.jpg,bruise,,211.jpg
bruise_kg1_83.jpg,bruise,,212.jpg
bruise_kg1_84.jpg,bruise,,213.jpg
bruise_kg1_85.jpg,bruise,,214.jpg
bruise_kg1_86.jpg,bruise,,215.jpg
bruise_kg1_87.jpg,bruise,,216.jpg
bruise_kg1_88.jpg,bruise,,217.jpg
bruise_kg1_89.jpg,bruise,,218.jpg
bruise_kg1_90.jpg,bruise,,219.jpg
bruise_kg1_91.jpg,bruise,,221.jpg
bruise_kg1_92.jpg,bruise,,222.jpg
bruise_kg1_93.jpg,bruise,,223.jpg
bruise_kg1_94.jpg,bruise,,224.jpg
bruise_kg1_95.jpg,bruise,,225.jpg
bruise_kg1_96.jpg,bruise,,226.jpg
bruise_kg1_97.jpg,bruise,,227.jpg
bruise_kg1_98.jpg,bruise,,228.jpg
bruise_kg1_99.jpg,bruise,,229.jpg
bruise_kg1_100.jpg,bruise,,231.jpg
bruise_kg1_101.jpg,bruise,,232.jpg
bruise_kg1_102.jpg,bruise,,233.jpg
bruise_kg1_103.jpg,bruise,,234.jpg
bruise_kg1_104.jpg,bruise,,236.jpg
bruise_kg1_105.jpg,bruise,,237.jpg
bruise_kg1_106.jpg,bruise,,238.jpg
bruise_kg1_107.jpg,bruise,,239.jpg
bruise_kg1_108.jpg,bruise,,240.jpg
bruise_kg1_109.jpg,bruise,,241.jpg
bruise_kg1_110.jpg,bruise,,242.jpg
bruise_kg1_111.jpg,bruise,,243.jpg
bruise_kg1_112.jpg,bruise,,244.jpg
bruise_kg1_113.jpg,bruise,,26d9fe45-a77c-4b0c-8fac-7edd055537f8.jpg
bruise_kg1_114.jpg,bruise,,36ca0da1-44be-4ab5-9ce3-41e545a6f082.jpg
bruise_kg1_115.jpg,bruise,,36e7c0dd-f6e2-45e6-a3ab-fcec9d8bd526.jpg
bruise_kg1_116.jpg,bruise,,46cad117-91f5-4845-8c73-3e63a90504c3.jpg
bruise_kg1_117.jpg,bruise,,47135e58-b71e-43ee-8ca7-b50eb29e6783.jpg
bruise_kg1_118.jpg,bruise,,4af8de31-1ac1-4c10-a145-19bbc453d352.jpg
bruise_kg1_119.jpg,bruise,,4d3c2d80-bc89-45a2-b7fd-33a22a02abc6.png
bruise_kg1_120.jpg,bruise,,5344a9b6-8327-4e40-a7dd-992288296c3b.jpg
bruise_kg1_121.jpg,bruise,,58407e97-a7dc-48a5-854e-abe2b8cf4817.jpg
bruise_kg1_122.jpg,bruise,,58867b56-8938-4637-8a4e-fff67c504bbc.jpg
bruise_kg1_123.jpg,bruise,,62ea5d18-4718-452a-bac4-eecc922f380e.jpg
bruise_kg1_124.jpg,bruise,,886ed32d-aaf1-4f8b-b104-2d46a554ea63.jpg
bruise_kg1_125.jpg,bruise,,8bf00fc4-9898-4553-ae92-0da794300795.jpg
bruise_kg1_126.jpg,bruise,,9d3797aa-f138-41bb-909f-158e2e893a48.jpg
bruise_kg1_127.jpg,bruise,,a872c656-8676-4b81-a3ac-4a1f7f621f4e.jpg
bruise_kg1_128.jpg,bruise,,ae6d6a9d-8c5e-4c27-85de-a9f1a37a1a72.JPG
bruise_kg1_129.jpg,bruise,,afb2bda8-a5c3-4b1e-9b1a-2d858faf5514.jpg
bruise_kg1_130.jpg,bruise,,affc2c37-5276-47fc-b3ed-b0ec876135f3.jpg
bruise_kg1_131.jpg,bruise,,bruises (10).jpg
bruise_kg1_132.jpg,bruise,,bruises (102).jpg
bruise_kg1_133.jpg,bruise,,bruises (106).jpg
bruise_kg1_134.jpg,bruise,,bruises (107).jpg
bruise_kg1_135.jpg,bruise,,bruises (11).jpg
bruise_kg1_136.jpg,bruise,,bruises (113).jpg
bruise_kg1_137.jpg,bruise,,bruises (117).jpg
bruise_kg1_138.jpg,bruise,,bruises (13).jpg
bruise_kg1_139.jpg,bruise,,bruises (15).jpg
bruise_kg1_140.jpg,bruise,,bruises (20).jpg
bruise_kg1_141.jpg,bruise,,bruises (23).jpg
bruise_kg1_142.jpg,bruise,,bruises (26).jpg
bruise_kg1_143.jpg,bruise,,bruises (31).jpg
bruise_kg1_144.jpg,bruise,,bruises (34).jpg
bruise_kg1_145.jpg,bruise,,bruises (35).jpg
bruise_kg1_146.jpg,bruise,,bruises (37).jpg
bruise_kg1_147.jpg,bruise,,bruises (42).jpg
bruise_kg1_148.jpg,bruise,,bruises (43).jpg
bruise_kg1_149.jpg,bruise,,bruises (49).jpg
bruise_kg1_150.jpg,bruise,,bruises (55).jpg
bruise_kg1_151.jpg,bruise,,bruises (59).jpg
bruise_kg1_152.jpg,bruise,,bruises (65).jpg
bruise_kg1_153.jpg,bruise,,bruises (68).jpg
bruise_kg1_154.jpg,bruise,,bruises (88).jpg
bruise_kg1_155.jpg,bruise,,bruises (96).jpg
bruise_kg1_156.jpg,bruise,,bruises (98).jpg
bruise_kg1_157.jpg,bruise,,bruises (99).jpg
bruise_kg1_158.jpg,bruise,,c2bf08c1-c92b-4336-8b7d-851757e4d392.jpg
bruise_kg1_159.jpg,bruise,,ca02a805-7235-45a9-8dc8-2a0a6074e6f6.jpg
bruise_kg1_160.jpg,bruise,,d253dce8-09d8-4a1a-bc89-bb6f0bdb1d41.jpeg
bruise_kg1_161.jpg,bruise,,daa926f9-8fbd-4b20-a9f3-90b8375964e1.jpg
bruise_kg1_162.jpg,bruise,,e67fc71f-5fe4-4427-8b4b-0e7f12698b33.jpg
bruise_kg1_163.jpg,bruise,,eeaaeac2-bc69-4e89-86e7-983dff7267d1.jpg
bruise_kg1_164.jpg,bruise,,fa399024-2d84-48be-a654-e93a2eb67086.jpg
cut_kg1_0.jpg,cut,,05edef17-8162-48a2-aab6-97bf2e63c4a9.jpg
cut_kg1_1.jpg,cut,,0724ba1e-fa2f-4ce2-b59b-6ee77f27a82e.jpg
cut_kg1_2.jpg,cut,,100.jpg
cut_kg1_3.jpg,cut,,101.jpg
cut_kg1_4.jpg,cut,,102.jpg
cut_kg1_5.jpg,cut,,104.jpg
cut_kg1_6.jpg,cut,,105.jpg
cut_kg1_7.jpg,cut,,107.jpg
cut_kg1_8.jpg,cut,,108.jpg
cut_kg1_9.jpg,cut,,109.jpg
cut_kg1_10.jpg,cut,,10c52686-000f-4b37-b332-a71eb093f617.png
cut_kg1_11.jpg,cut,,110.jpg
cut_kg1_12.jpg,cut,,111.jpg
cut_kg1_13.jpg,cut,,112.jpg
cut_kg1_14.jpg,cut,,113.jpg
cut_kg1_15.jpg,cut,,114.jpg
cut_kg1_16.jpg,cut,,115.jpg
cut_kg1_17.jpg,cut,,116.jpg
cut_kg1_18.jpg,cut,,117.jpg
cut_kg1_19.jpg,cut,,118.jpg
cut_kg1_20.jpg,cut,,119.jpg
cut_kg1_21.jpg,cut,,120.jpg
cut_kg1_22.jpg,cut,,122.jpg
cut_kg1_23.jpg,cut,,123.jpg
cut_kg1_24.jpg,cut,,125.jpg
cut_kg1_25.jpg,cut,,126.jpg
cut_kg1_26.jpg,cut,,127.jpg
cut_kg1_27.jpg,cut,,129.jpg
cut_kg1_28.jpg,cut,,130.jpg
cut_kg1_29.jpg,cut,,132.jpg
cut_kg1_30.jpg,cut,,133.jpg
cut_kg1_31.jpg,cut,,134.jpg
cut_kg1_32.jpg,cut,,135.jpg
cut_kg1_33.jpg,cut,,136.jpg
cut_kg1_34.jpg,cut,,137.jpg
cut_kg1_35.jpg,cut,,138.jpg
cut_kg1_36.jpg,cut,,139.jpg
cut_kg1_37.jpg,cut,,140.jpg
cut_kg1_38.jpg,cut,,141.jpg
cut_kg1_39.jpg,cut,,142.jpg
cut_kg1_40.jpg,cut,,143.jpg
cut_kg1_41.jpg,cut,,144.jpg
cut_kg1_42.jpg,cut,,145.jpg
cut_kg1_43.jpg,cut,,146.jpg
cut_kg1_44.jpg,cut,,148.jpg
cut_kg1_45.jpg,cut,,149.jpg
cut_kg1_46.jpg,cut,,150.jpg
cut_kg1_47.jpg,cut,,151.jpg
cut_kg1_48.jpg,cut,,152.jpg
cut_kg1_49.jpg,cut,,153.jpg
cut_kg1_50.jpg,cut,,154.jpg
cut_kg1_51.jpg,cut,,155.jpg
cut_kg1_52.jpg,cut,,156.jpg
cut_kg1_53.jpg,cut,,158.jpg
cut_kg1_54.jpg,cut,,159.jpg
cut_kg1_55.jpg,cut,,162.jpg
cut_kg1_56.jpg,cut,,163.jpg
cut_kg1_57.jpg,cut,,164.jpg
cut_kg1_58.jpg,cut,,165.jpg
cut_kg1_59.jpg,cut,,166.jpg
cut_kg1_60.jpg,cut,,168.jpg
cut_kg1_61.jpg,cut,,169.jpg
cut_kg1_62.jpg,cut,,170.jpg
cut_kg1_63.jpg,cut,,171.jpg
cut_kg1_64.jpg,cut,,172.jpg
cut_kg1_65.jpg,cut,,173.jpg
cut_kg1_66.jpg,cut,,174.jpg
cut_kg1_67.jpg,cut,,175.jpg
cut_kg1_68.jpg,cut,,176.jpg
cut_kg1_69.jpg,cut,,177.jpg
cut_kg1_70.jpg,cut,,178.jpg
cut_kg1_71.jpg,cut,,180.jpg
cut_kg1_72.jpg,cut,,181.jpg
cut_kg1_73.jpg,cut,,182.jpg
cut_kg1_74.jpg,cut,,183.jpg
cut_kg1_75.jpg,cut,,185.jpg
cut_kg1_76.jpg,cut,,186.jpg
cut_kg1_77.jpg,cut,,187.jpg
cut_kg1_78.jpg,cut,,188.jpg
cut_kg1_79.jpg,cut,,189.jpg
cut_kg1_80.jpg,cut,,190.jpg
cut_kg1_81.jpg,cut,,191.jpg
cut_kg1_82.jpg,cut,,194.jpg
cut_kg1_83.jpg,cut,,195.jpg
cut_kg1_84.jpg,cut,,196.jpg
cut_kg1_85.jpg,cut,,197.jpg
cut_kg1_86.jpg,cut,,198.jpg
cut_kg1_87.jpg,cut,,199.jpg
cut_kg1_88.jpg,cut,,1f058f88-b2c7-4132-9c5a-66f6224cd208 - Copy (2).png
cut_kg1_89.jpg,cut,,1f058f88-b2c7-4132-9c5a-66f6224cd208.png
cut_kg1_90.jpg,cut,,200.jpg
cut_kg1_91.jpg,cut,,201.jpg
cut_kg1_92.jpg,cut,,202.jpg
cut_kg1_93.jpg,cut,,203.jpg
cut_kg1_94.jpg,cut,,205.jpg
cut_kg1_95.jpg,cut,,206.jpg
cut_kg1_96.jpg,cut,,2068c28d-da97-44cf-9b7e-de5657c0545a.jpg
cut_kg1_97.jpg,cut,,207.jpg
cut_kg1_98.jpg,cut,,208.jpg
cut_kg1_99.jpg,cut,,209.jpg
cut_kg1_100.jpg,cut,,20a2c22e-79ad-49db-8d38-982b3c805ed7.jpg
cut_kg1_101.jpg,cut,,212.jpg
cut_kg1_102.jpg,cut,,213.jpg
cut_kg1_103.jpg,cut,,214.jpg
cut_kg1_104.jpg,cut,,215.jpg
cut_kg1_105.jpg,cut,,216.jpg
cut_kg1_106.jpg,cut,,217.jpg
cut_kg1_107.jpg,cut,,219.jpg
cut_kg1_108.jpg,cut,,220.jpg
cut_kg1_109.jpg,cut,,221.jpg
cut_kg1_110.jpg,cut,,222.jpg
cut_kg1_111.jpg,cut,,223.jpg
cut_kg1_112.jpg,cut,,224.jpg
cut_kg1_113.jpg,cut,,225.jpg
cut_kg1_114.jpg,cut,,226.jpg
cut_kg1_115.jpg,cut,,227.jpg
cut_kg1_116.jpg,cut,,229.jpg
cut_kg1_117.jpg,cut,,230.jpg
cut_kg1_118.jpg,cut,,231.jpg
cut_kg1_119.jpg,cut,,232.jpg
cut_kg1_120.jpg,cut,,233.jpg
cut_kg1_121.jpg,cut,,234.jpg
cut_kg1_122.jpg,cut,,235.jpg
cut_kg1_123.jpg,cut,,237.jpg
cut_kg1_124.jpg,cut,,238.jpg
cut_kg1_125.jpg,cut,,239.jpg
cut_kg1_126.jpg,cut,,240.jpg
cut_kg1_127.jpg,cut,,241.jpg
cut_kg1_128.jpg,cut,,246.jpg
cut_kg1_129.jpg,cut,,247.jpg
cut_kg1_130.jpg,cut,,248.jpg
cut_kg1_131.jpg,cut,,249.jpg
cut_kg1_132.jpg,cut,,250.jpg
cut_kg1_133.jpg,cut,,251.jpg
cut_kg1_134.jpg,cut,,251d82a3-e38e-4e69-b2a1-418b5ef1b51c.jpg
cut_kg1_135.jpg,cut,,252.jpg
cut_kg1_136.jpg,cut,,253.jpg
cut_kg1_137.jpg,cut,,255.jpg
cut_kg1_138.jpg,cut,,256.jpg
cut_kg1_139.jpg,cut,,257.jpg
cut_kg1_140.jpg,cut,,258.jpg
cut_kg1_141.jpg,cut,,260.jpg
cut_kg1_142.jpg,cut,,261.jpg
cut_kg1_143.jpg,cut,,264.jpg
cut_kg1_144.jpg,cut,,265.jpg
cut_kg1_145.jpg,cut,,267.jpg
cut_kg1_146.jpg,cut,,268.jpg
cut_kg1_147.jpg,cut,,269.jpg
cut_kg1_148.jpg,cut,,270.jpg
cut_kg1_149.jpg,cut,,271.jpg
cut_kg1_150.jpg,cut,,272.jpg
cut_kg1_151.jpg,cut,,273.jpg
cut_kg1_152.jpg,cut,,274.jpg
cut_kg1_153.jpg,cut,,275.jpg
cut_kg1_154.jpg,cut,,276.jpg
cut_kg1_155.jpg,cut,,277.jpg
cut_kg1_156.jpg,cut,,278.jpg
cut_kg1_157.jpg,cut,,279.jpg
cut_kg1_158.jpg,cut,,280.jpg
cut_kg1_159.jpg,cut,,2a631b9c-5302-458d-8ab5-80a8a67b13c1.jpg
cut_kg1_160.jpg,cut,,3af07938-7d6e-4e6a-a11b-d89c95f7e704.jpg
cut_kg1_161.jpg,cut,,3afe9528-f6d9-44c9-b885-c305332ba701.jpg
cut_kg1_162.jpg,cut,,415b1ce4-0322-43e9-96b7-601cb56bdc15.jpg
cut_kg1_163.jpg,cut,,428fd8e6-7ca1-481d-bb51-ff6c6a6718de.jpg
cut_kg1_164.jpg,cut,,479607d8-0b76-436b-8bf3-54d78c7bc302.jpg
cut_kg1_165.jpg,cut,,4db726f3-cbb7-4c32-b905-862e70173d9a.jpg
cut_kg1_166.jpg,cut,,4ebc90b4-0f40-49e1-81c6-6b684724ca74.JPG
cut_kg1_167.jpg,cut,,503533bd-2026-4548-8e3c-92c1dfcfecd2.png
cut_kg1_168.jpg,cut,,5ab5d60f-394c-45d5-85c7-0ee091f4dec9.jpg
cut_kg1_169.jpg,cut,,5d08ddd2-a76f-4aaf-946d-259c3bd5dcf5.jpg
cut_kg1_170.jpg,cut,,5e41ed2a-be2b-467c-b13a-0f28712fedc5.png
cut_kg1_171.jpg,cut,,5fea22bf-5d1b-475b-aaa4-0200ec14dc49.jpg
cut_kg1_172.jpg,cut,,6ab7d7ae-9a97-4824-8244-d5741c20cdfc.jpg
cut_kg1_173.jpg,cut,,6ae8e10f-375b-495a-aa5e-d5c1cf560e74.jpg
cut_kg1_174.jpg,cut,,6e398085-2b3e-496e-a37f-d4edf1420b73.jpg
cut_kg1_175.jpg,cut,,71.jpg
cut_kg1_176.jpg,cut,,72.jpg
cut_kg1_177.jpg,cut,,73.jpg
cut_kg1_178.jpg,cut,,75.jpg
cut_kg1_179.jpg,cut,,76.jpg
cut_kg1_180.jpg,cut,,77.jpg
cut_kg1_181.jpg,cut,,78.jpg
cut_kg1_182.jpg,cut,,79.jpg
cut_kg1_183.jpg,cut,,80.jpg
cut_kg1_184.jpg,cut,,81.jpg
cut_kg1_185.jpg,cut,,82.jpg
cut_kg1_186.jpg,cut,,83.jpg
cut_kg1_187.jpg,cut,,84.jpg
cut_kg1_188.jpg,cut,,85.jpg
cut_kg1_189.jpg,cut,,86.jpg
cut_kg1_190.jpg,cut,,87.jpg
cut_kg1_191.jpg,cut,,88.jpg
cut_kg1_192.jpg,cut,,881ca76e-9a3e-43a5-8063-7e9b2f63e8fa.jpg
cut_kg1_193.jpg,cut,,89.jpg
cut_kg1_194.jpg,cut,,90.jpg
cut_kg1_195.jpg,cut,,905daeae-6ef2-48d5-bc0c-b4505aec69dc.jpg
cut_kg1_196.jpg,cut,,91.jpg
cut_kg1_197.jpg,cut,,92.jpg
cut_kg1_198.jpg,cut,,93.jpg
cut_kg1_199.jpg,cut,,94.jpg
cut_kg1_200.jpg,cut,,95.jpg
cut_kg1_201.jpg,cut,,96.jpg
cut_kg1_202.jpg,cut,,98.jpg
cut_kg1_203.jpg,cut,,99.jpg
cut_kg1_204.jpg,cut,,a46552a9-37ef-47ae-bee1-0e4f8d25f7b0.jpg
cut_kg1_205.jpg,cut,,a7cfbf14-27c9-4cf6-af41-3ac279b3e666.jpg
cut_kg1_206.jpg,cut,,aca88f4f-35a2-45ca-94fe-835e7ec3c128.jpg
cut_kg1_207.jpg,cut,,af9cfbf7-9a85-4cdd-9cf4-bcf9a7df91ed.jpg
cut_kg1_208.jpg,cut,,afc5a4e9-4771-4d74-8c13-840a40869e16.jpg
cut_kg1_209.jpg,cut,,b0500530-f7d5-40a1-9cce-846eff5db0d8.jpg
cut_kg1_210.jpg,cut,,c2115bf5-c95e-49b5-b8e1-d398f65bd448.jpg
cut_kg1_211.jpg,cut,,c818d14d-e50c-4541-8221-814f0b17fa3d.jpg
cut_kg1_212.jpg,cut,,cut (13).jpg
cut_kg1_213.jpg,cut,,cut (15).jpg
cut_kg1_214.jpg,cut,,cut (16).jpg
cut_kg1_215.jpg,cut,,cut (17).jpg
cut_kg1_216.jpg,cut,,cut (18).jpg
cut_kg1_217.jpg,cut,,cut (2).jpg
cut_kg1_218.jpg,cut,,cut (25).jpg
cut_kg1_219.jpg,cut,,cut (28).jpg
cut_kg1_220.jpg,cut,,cut (30).jpg
cut_kg1_221.jpg,cut,,cut (36).jpg
cut_kg1_222.jpg,cut,,cut (42).jpg
cut_kg1_223.jpg,cut,,cut (47).jpg
cut_kg1_224.jpg,cut,,d2307372-22c1-4ef9-adbd-926f870bdc5d.jpg
cut_kg1_225.jpg,cut,,d2d13d3d-51c7-43e2-8cc5-f65e9ba23e59.jpg
cut_kg1_226.jpg,cut,,d5765618-d73f-4313-b689-dcd7f3ff106c.jpg
cut_kg1_227.jpg,cut,,de4208bb-b648-45bb-8459-d943af6f49ea.jpg
cut_kg1_228.jpg,cut,,dfdc1fab-fef4-4107-9524-1bf0a733a640.jpg
cut_kg1_229.jpg,cut,,f430adc4-bd28-4b82-8689-f92d90ca30f0.jpg
burn_1st_degree_kg2_0.jpg,burn,1st_degree,img0.jpg
burn_2nd_degree_kg2_1.jpg,burn,2nd_degree,img1.jpg
burn_1st_degree_kg2_2.jpg,burn,1st_degree,img100.jpg
burn_3rd_degree_kg2_3.jpg,burn,3rd_degree,img1002.jpg
burn_1st_degree_kg2_4.jpg,burn,1st_degree,img1004.jpg
burn_3rd_degree_kg2_5.jpg,burn,3rd_degree,img1005.jpg
burn_3rd_degree_kg2_6.jpg,burn,3rd_degree,img1007.jpg
burn_1st_degree_kg2_7.jpg,burn,1st_degree,img1009.jpg
burn_3rd_degree_kg2_8.jpg,burn,3rd_degree,img101.jpg
burn_1st_degree_kg2_9.jpg,burn,1st_degree,img1010.jpg
burn_3rd_degree_kg2_10.jpg,burn,3rd_degree,img1011.jpg
burn_1st_degree_kg2_11.jpg,burn,1st_degree,img1013.jpg
burn_1st_degree_kg2_12.jpg,burn,1st_degree,img1014.jpg
burn_3rd_degree_kg2_13.jpg,burn,3rd_degree,img1016.jpg
burn_1st_degree_kg2_14.jpg,burn,1st_degree,img1019.jpg
burn_2nd_degree_kg2_15.jpg,burn,2nd_degree,img1021.jpg
burn_2nd_degree_kg2_16.jpg,burn,2nd_degree,img1023.jpg
burn_2nd_degree_kg2_17.jpg,burn,2nd_degree,img1026.jpg
burn_2nd_degree_kg2_18.jpg,burn,2nd_degree,img1027.jpg
burn_1st_degree_kg2_19.jpg,burn,1st_degree,img1028.jpg
burn_2nd_degree_kg2_20.jpg,burn,2nd_degree,img1029.jpg
burn_2nd_degree_kg2_21.jpg,burn,2nd_degree,img103.jpg
burn_2nd_degree_kg2_22.jpg,burn,2nd_degree,img1032.jpg
burn_3rd_degree_kg2_23.jpg,burn,3rd_degree,img1033.jpg
burn_1st_degree_kg2_24.jpg,burn,1st_degree,img104.jpg
burn_2nd_degree_kg2_25.jpg,burn,2nd_degree,img1040.jpg
burn_2nd_degree_kg2_26.jpg,burn,2nd_degree,img1041.jpg
burn_1st_degree_kg2_27.jpg,burn,1st_degree,img1043.jpg
burn_1st_degree_kg2_28.jpg,burn,1st_degree,img1044.jpg
burn_1st_degree_kg2_29.jpg,burn,1st_degree,img1045.jpg
burn_3rd_degree_kg2_30.jpg,burn,3rd_degree,img1048.jpg
burn_1st_degree_kg2_31.jpg,burn,1st_degree,img105.jpg
burn_2nd_degree_kg2_32.jpg,burn,2nd_degree,img1050.jpg
burn_1st_degree_kg2_33.jpg,burn,1st_degree,img1051.jpg
burn_1st_degree_kg2_34.jpg,burn,1st_degree,img1054.jpg
burn_3rd_degree_kg2_35.jpg,burn,3rd_degree,img1055.jpg
burn_1st_degree_kg2_36.jpg,burn,1st_degree,img1056.jpg
burn_1st_degree_kg2_37.jpg,burn,1st_degree,img1058.jpg
burn_2nd_degree_kg2_38.jpg,burn,2nd_degree,img1060.jpg
burn_3rd_degree_kg2_39.jpg,burn,3rd_degree,img1062.jpg
burn_3rd_degree_kg2_40.jpg,burn,3rd_degree,img1063.jpg
burn_1st_degree_kg2_41.jpg,burn,1st_degree,img1064.jpg
burn_2nd_degree_kg2_42.jpg,burn,2nd_degree,img1065.jpg
burn_3rd_degree_kg2_43.jpg,burn,3rd_degree,img1067.jpg
burn_3rd_degree_kg2_44.jpg,burn,3rd_degree,img1068.jpg
burn_2nd_degree_kg2_45.jpg,burn,2nd_degree,img1069.jpg
burn_2nd_degree_kg2_46.jpg,burn,2nd_degree,img107.jpg
burn_3rd_degree_kg2_47.jpg,burn,3rd_degree,img1070.jpg
burn_2nd_degree_kg2_48.jpg,burn,2nd_degree,img1072.jpg
burn_1st_degree_kg2_49.jpg,burn,1st_degree,img1074.jpg
burn_2nd_degree_kg2_50.jpg,burn,2nd_degree,img1075.jpg
burn_1st_degree_kg2_51.jpg,burn,1st_degree,img1076.jpg
burn_1st_degree_kg2_52.jpg,burn,1st_degree,img1078.jpg
burn_3rd_degree_kg2_53.jpg,burn,3rd_degree,img108.jpg
burn_2nd_degree_kg2_54.jpg,burn,2nd_degree,img1081.jpg
burn_2nd_degree_kg2_55.jpg,burn,2nd_degree,img1086.jpg
burn_1st_degree_kg2_56.jpg,burn,1st_degree,img1087.jpg
burn_2nd_degree_kg2_57.jpg,burn,2nd_degree,img109.jpg
burn_3rd_degree_kg2_58.jpg,burn,3rd_degree,img1090.jpg
burn_1st_degree_kg2_59.jpg,burn,1st_degree,img1091.jpg
burn_1st_degree_kg2_60.jpg,burn,1st_degree,img1092.jpg
burn_2nd_degree_kg2_61.jpg,burn,2nd_degree,img1093.jpg
burn_1st_degree_kg2_62.jpg,burn,1st_degree,img1096.jpg
burn_2nd_degree_kg2_63.jpg,burn,2nd_degree,img1097.jpg
burn_2nd_degree_kg2_64.jpg,burn,2nd_degree,img1099.jpg
burn_3rd_degree_kg2_65.jpg,burn,3rd_degree,img11.jpg
burn_3rd_degree_kg2_66.jpg,burn,3rd_degree,img1100.jpg
burn_1st_degree_kg2_67.jpg,burn,1st_degree,img1101.jpg
burn_1st_degree_kg2_68.jpg,burn,1st_degree,img1103.jpg
burn_2nd_degree_kg2_69.jpg,burn,2nd_degree,img1104.jpg
burn_1st_degree_kg2_70.jpg,burn,1st_degree,img1105.jpg
burn_2nd_degree_kg2_71.jpg,burn,2nd_degree,img1106.jpg
burn_1st_degree_kg2_72.jpg,burn,1st_degree,img111.jpg
burn_2nd_degree_kg2_73.jpg,burn,2nd_degree,img1110.jpg
burn_2nd_degree_kg2_74.jpg,burn,2nd_degree,img1111.jpg
burn_1st_degree_kg2_75.jpg,burn,1st_degree,img1117.jpg
burn_3rd_degree_kg2_76.jpg,burn,3rd_degree,img1118.jpg
burn_2nd_degree_kg2_77.jpg,burn,2nd_degree,img1119.jpg
burn_2nd_degree_kg2_78.jpg,burn,2nd_degree,img112.jpg
burn_3rd_degree_kg2_79.jpg,burn,3rd_degree,img1123.jpg
burn_2nd_degree_kg2_80.jpg,burn,2nd_degree,img1124.jpg
burn_2nd_degree_kg2_81.jpg,burn,2nd_degree,img1125.jpg
burn_2nd_degree_kg2_82.jpg,burn,2nd_degree,img1126.jpg
burn_3rd_degree_kg2_83.jpg,burn,3rd_degree,img1127.jpg
burn_3rd_degree_kg2_84.jpg,burn,3rd_degree,img1128.jpg
burn_3rd_degree_kg2_85.jpg,burn,3rd_degree,img1129.jpg
burn_2nd_degree_kg2_86.jpg,burn,2nd_degree,img113.jpg
burn_1st_degree_kg2_87.jpg,burn,1st_degree,img1130.jpg
burn_1st_degree_kg2_88.jpg,burn,1st_degree,img1133.jpg
burn_2nd_degree_kg2_89.jpg,burn,2nd_degree,img1134.jpg
burn_1st_degree_kg2_90.jpg,burn,1st_degree,img114.jpg
burn_3rd_degree_kg2_91.jpg,burn,3rd_degree,img1140.jpg
burn_2nd_degree_kg2_92.jpg,burn,2nd_degree,img1141.jpg
burn_3rd_degree_kg2_93.jpg,burn,3rd_degree,img1143.jpg
burn_2nd_degree_kg2_94.jpg,burn,2nd_degree,img1145.jpg
burn_2nd_degree_kg2_95.jpg,burn,2nd_degree,img115.jpg
burn_2nd_degree_kg2_96.jpg,burn,2nd_degree,img1151.jpg
burn_2nd_degree_kg2_97.jpg,burn,2nd_degree,img1152.jpg
burn_2nd_degree_kg2_98.jpg,burn,2nd_degree,img1154.jpg
burn_1st_degree_kg2_99.jpg,burn,1st_degree,img1156.jpg
burn_2nd_degree_kg2_100.jpg,burn,2nd_degree,img1157.jpg
burn_2nd_degree_kg2_101.jpg,burn,2nd_degree,img1158.jpg
burn_1st_degree_kg2_102.jpg,burn,1st_degree,img1159.jpg
burn_1st_degree_kg2_103.jpg,burn,1st_degree,img116.jpg
burn_2nd_degree_kg2_104.jpg,burn,2nd_degree,img1160.jpg
burn_2nd_degree_kg2_105.jpg,burn,2nd_degree,img1161.jpg
burn_2nd_degree_kg2_106.jpg,burn,2nd_degree,img1163.jpg
burn_2nd_degree_kg2_107.jpg,burn,2nd_degree,img1165.jpg
burn_3rd_degree_kg2_108.jpg,burn,3rd_degree,img1166.jpg
burn_1st_degree_kg2_109.jpg,burn,1st_degree,img1167.jpg
burn_3rd_degree_kg2_110.jpg,burn,3rd_degree,img1169.jpg
burn_3rd_degree_kg2_111.jpg,burn,3rd_degree,img117.jpg
burn_1st_degree_kg2_112.jpg,burn,1st_degree,img1170.jpg
burn_1st_degree_kg2_113.jpg,burn,1st_degree,img1171.jpg
burn_1st_degree_kg2_114.jpg,burn,1st_degree,img1172.jpg
burn_1st_degree_kg2_115.jpg,burn,1st_degree,img1173.jpg
burn_1st_degree_kg2_116.jpg,burn,1st_degree,img1175.jpg
burn_2nd_degree_kg2_117.jpg,burn,2nd_degree,img1178.jpg
burn_3rd_degree_kg2_118.jpg,burn,3rd_degree,img1179.jpg
burn_1st_degree_kg2_119.jpg,burn,1st_degree,img118.jpg
burn_1st_degree_kg2_120.jpg,burn,1st_degree,img1180.jpg
burn_2nd_degree_kg2_121.jpg,burn,2nd_degree,img1181.jpg
burn_2nd_degree_kg2_122.jpg,burn,2nd_degree,img1183.jpg
burn_1st_degree_kg2_123.jpg,burn,1st_degree,img1185.jpg
burn_3rd_degree_kg2_124.jpg,burn,3rd_degree,img1186.jpg
burn_2nd_degree_kg2_125.jpg,burn,2nd_degree,img1187.jpg
burn_2nd_degree_kg2_126.jpg,burn,2nd_degree,img1189.jpg
burn_1st_degree_kg2_127.jpg,burn,1st_degree,img119.jpg
burn_2nd_degree_kg2_128.jpg,burn,2nd_degree,img1192.jpg
burn_1st_degree_kg2_129.jpg,burn,1st_degree,img1193.jpg
burn_1st_degree_kg2_130.jpg,burn,1st_degree,img1195.jpg
burn_2nd_degree_kg2_131.jpg,burn,2nd_degree,img1198.jpg
burn_3rd_degree_kg2_132.jpg,burn,3rd_degree,img12.jpg
burn_2nd_degree_kg2_133.jpg,burn,2nd_degree,img1200.jpg
burn_1st_degree_kg2_134.jpg,burn,1st_degree,img1201.jpg
burn_1st_degree_kg2_135.jpg,burn,1st_degree,img1202.jpg
burn_2nd_degree_kg2_136.jpg,burn,2nd_degree,img1205.jpg
burn_3rd_degree_kg2_137.jpg,burn,3rd_degree,img1207.jpg
burn_1st_degree_kg2_138.jpg,burn,1st_degree,img1209.jpg
burn_1st_degree_kg2_139.jpg,burn,1st_degree,img121.jpg
burn_3rd_degree_kg2_140.jpg,burn,3rd_degree,img1210.jpg
burn_3rd_degree_kg2_141.jpg,burn,3rd_degree,img1211.jpg
burn_2nd_degree_kg2_142.jpg,burn,2nd_degree,img1212.jpg
burn_2nd_degree_kg2_143.jpg,burn,2nd_degree,img1213.jpg
burn_1st_degree_kg2_144.jpg,burn,1st_degree,img1214.jpg
burn_2nd_degree_kg2_145.jpg,burn,2nd_degree,img1215.jpg
burn_2nd_degree_kg2_146.jpg,burn,2nd_degree,img1217.jpg
burn_2nd_degree_kg2_147.jpg,burn,2nd_degree,img1219.jpg
burn_2nd_degree_kg2_148.jpg,burn,2nd_degree,img122.jpg
burn_1st_degree_kg2_149.jpg,burn,1st_degree,img1220.jpg
burn_1st_degree_kg2_150.jpg,burn,1st_degree,img1221.jpg
burn_2nd_degree_kg2_151.jpg,burn,2nd_degree,img1222.jpg
burn_2nd_degree_kg2_152.jpg,burn,2nd_degree,img1224.jpg
burn_2nd_degree_kg2_153.jpg,burn,2nd_degree,img1225.jpg
burn_2nd_degree_kg2_154.jpg,burn,2nd_degree,img1227.jpg
burn_2nd_degree_kg2_155.jpg,burn,2nd_degree,img123.jpg
burn_1st_degree_kg2_156.jpg,burn,1st_degree,img1230.jpg
burn_2nd_degree_kg2_157.jpg,burn,2nd_degree,img1231.jpg
burn_1st_degree_kg2_158.jpg,burn,1st_degree,img1232.jpg
burn_1st_degree_kg2_159.jpg,burn,1st_degree,img1233.jpg
burn_2nd_degree_kg2_160.jpg,burn,2nd_degree,img1234.jpg
burn_1st_degree_kg2_161.jpg,burn,1st_degree,img1237.jpg
burn_1st_degree_kg2_162.jpg,burn,1st_degree,img1238.jpg
burn_3rd_degree_kg2_163.jpg,burn,3rd_degree,img124.jpg
burn_2nd_degree_kg2_164.jpg,burn,2nd_degree,img1240.jpg
burn_2nd_degree_kg2_165.jpg,burn,2nd_degree,img1242.jpg
burn_3rd_degree_kg2_166.jpg,burn,3rd_degree,img1243.jpg
burn_2nd_degree_kg2_167.jpg,burn,2nd_degree,img1244.jpg
burn_3rd_degree_kg2_168.jpg,burn,3rd_degree,img1245.jpg
burn_1st_degree_kg2_169.jpg,burn,1st_degree,img1246.jpg
burn_1st_degree_kg2_170.jpg,burn,1st_degree,img125.jpg
burn_1st_degree_kg2_171.jpg,burn,1st_degree,img1250.jpg
burn_2nd_degree_kg2_172.jpg,burn,2nd_degree,img1251.jpg
burn_3rd_degree_kg2_173.jpg,burn,3rd_degree,img1253.jpg
burn_3rd_degree_kg2_174.jpg,burn,3rd_degree,img1254.jpg
burn_3rd_degree_kg2_175.jpg,burn,3rd_degree,img1256.jpg
burn_2nd_degree_kg2_176.jpg,burn,2nd_degree,img1257.jpg
burn_2nd_degree_kg2_177.jpg,burn,2nd_degree,img1258.jpg
burn_2nd_degree_kg2_178.jpg,burn,2nd_degree,img1259.jpg
burn_3rd_degree_kg2_179.jpg,burn,3rd_degree,img126.jpg
burn_1st_degree_kg2_180.jpg,burn,1st_degree,img1260.jpg
burn_2nd_degree_kg2_181.jpg,burn,2nd_degree,img1261.jpg
burn_2nd_degree_kg2_182.jpg,burn,2nd_degree,img1262.jpg
burn_2nd_degree_kg2_183.jpg,burn,2nd_degree,img1269.jpg
burn_2nd_degree_kg2_184.jpg,burn,2nd_degree,img1271.jpg
burn_2nd_degree_kg2_185.jpg,burn,2nd_degree,img1272.jpg
burn_2nd_degree_kg2_186.jpg,burn,2nd_degree,img1274.jpg
burn_2nd_degree_kg2_187.jpg,burn,2nd_degree,img1276.jpg
burn_3rd_degree_kg2_188.jpg,burn,3rd_degree,img1278.jpg
burn_2nd_degree_kg2_189.jpg,burn,2nd_degree,img128.jpg
burn_1st_degree_kg2_190.jpg,burn,1st_degree,img1280.jpg
burn_3rd_degree_kg2_191.jpg,burn,3rd_degree,img1281.jpg
burn_3rd_degree_kg2_192.jpg,burn,3rd_degree,img1282.jpg
burn_2nd_degree_kg2_193.jpg,burn,2nd_degree,img1284.jpg
burn_1st_degree_kg2_194.jpg,burn,1st_degree,img1285.jpg
burn_2nd_degree_kg2_195.jpg,burn,2nd_degree,img1286.jpg
burn_1st_degree_kg2_196.jpg,burn,1st_degree,img1288.jpg
burn_2nd_degree_kg2_197.jpg,burn,2nd_degree,img129.jpg
burn_2nd_degree_kg2_198.jpg,burn,2nd_degree,img1290.jpg
burn_1st_degree_kg2_199.jpg,burn,1st_degree,img1291.jpg
burn_3rd_degree_kg2_200.jpg,burn,3rd_degree,img1292.jpg
burn_3rd_degree_kg2_201.jpg,burn,3rd_degree,img1293.jpg
burn_1st_degree_kg2_202.jpg,burn,1st_degree,img1297.jpg
burn_2nd_degree_kg2_203.jpg,burn,2nd_degree,img1298.jpg
burn_1st_degree_kg2_204.jpg,burn,1st_degree,img13.jpg
burn_2nd_degree_kg2_205.jpg,burn,2nd_degree,img130.jpg
burn_2nd_degree_kg2_206.jpg,burn,2nd_degree,img1301.jpg
burn_3rd_degree_kg2_207.jpg,burn,3rd_degree,img1302.jpg
burn_2nd_degree_kg2_208.jpg,burn,2nd_degree,img1304.jpg
burn_3rd_degree_kg2_209.jpg,burn,3rd_degree,img1306.jpg
burn_2nd_degree_kg2_210.jpg,burn,2nd_degree,img1307.jpg
burn_1st_degree_kg2_211.jpg,burn,1st_degree,img1308.jpg
burn_3rd_degree_kg2_212.jpg,burn,3rd_degree,img131.jpg
burn_2nd_degree_kg2_213.jpg,burn,2nd_degree,img1310.jpg
burn_2nd_degree_kg2_214.jpg,burn,2nd_degree,img1313.jpg
burn_1st_degree_kg2_215.jpg,burn,1st_degree,img1314.jpg
burn_1st_degree_kg2_216.jpg,burn,1st_degree,img1316.jpg
burn_1st_degree_kg2_217.jpg,burn,1st_degree,img1317.jpg
burn_2nd_degree_kg2_218.jpg,burn,2nd_degree,img1318.jpg
burn_2nd_degree_kg2_219.jpg,burn,2nd_degree,img132.jpg
burn_3rd_degree_kg2_220.jpg,burn,3rd_degree,img1320.jpg
burn_2nd_degree_kg2_221.jpg,burn,2nd_degree,img1321.jpg
burn_3rd_degree_kg2_222.jpg,burn,3rd_degree,img1323.jpg
burn_3rd_degree_kg2_223.jpg,burn,3rd_degree,img1324.jpg
burn_2nd_degree_kg2_224.jpg,burn,2nd_degree,img1327.jpg
burn_1st_degree_kg2_225.jpg,burn,1st_degree,img1330.jpg
burn_2nd_degree_kg2_226.jpg,burn,2nd_degree,img1331.jpg
burn_2nd_degree_kg2_227.jpg,burn,2nd_degree,img1332.jpg
burn_1st_degree_kg2_228.jpg,burn,1st_degree,img1335.jpg
burn_2nd_degree_kg2_229.jpg,burn,2nd_degree,img1336.jpg
burn_2nd_degree_kg2_230.jpg,burn,2nd_degree,img1337.jpg
burn_1st_degree_kg2_231.jpg,burn,1st_degree,img1338.jpg
burn_2nd_degree_kg2_232.jpg,burn,2nd_degree,img1342.jpg
burn_1st_degree_kg2_233.jpg,burn,1st_degree,img1343.jpg
burn_1st_degree_kg2_234.jpg,burn,1st_degree,img1344.jpg
burn_1st_degree_kg2_235.jpg,burn,1st_degree,img1346.jpg
burn_2nd_degree_kg2_236.jpg,burn,2nd_degree,img1347.jpg
burn_2nd_degree_kg2_237.jpg,burn,2nd_degree,img135.jpg
burn_2nd_degree_kg2_238.jpg,burn,2nd_degree,img1350.jpg
burn_2nd_degree_kg2_239.jpg,burn,2nd_degree,img1351.jpg
burn_1st_degree_kg2_240.jpg,burn,1st_degree,img1352.jpg
burn_2nd_degree_kg2_241.jpg,burn,2nd_degree,img1353.jpg
burn_3rd_degree_kg2_242.jpg,burn,3rd_degree,img1358.jpg
burn_2nd_degree_kg2_243.jpg,burn,2nd_degree,img1359.jpg
burn_2nd_degree_kg2_244.jpg,burn,2nd_degree,img136.jpg
burn_1st_degree_kg2_245.jpg,burn,1st_degree,img1363.jpg
burn_2nd_degree_kg2_246.jpg,burn,2nd_degree,img1364.jpg
burn_2nd_degree_kg2_247.jpg,burn,2nd_degree,img1366.jpg
burn_2nd_degree_kg2_248.jpg,burn,2nd_degree,img1367.jpg
burn_1st_degree_kg2_249.jpg,burn,1st_degree,img1368.jpg
burn_2nd_degree_kg2_250.jpg,burn,2nd_degree,img1369.jpg
burn_2nd_degree_kg2_251.jpg,burn,2nd_degree,img137.jpg
burn_3rd_degree_kg2_252.jpg,burn,3rd_degree,img1370.jpg
burn_1st_degree_kg2_253.jpg,burn,1st_degree,img1371.jpg
burn_2nd_degree_kg2_254.jpg,burn,2nd_degree,img1372.jpg
burn_2nd_degree_kg2_255.jpg,burn,2nd_degree,img1373.jpg
burn_3rd_degree_kg2_256.jpg,burn,3rd_degree,img1376.jpg
burn_1st_degree_kg2_257.jpg,burn,1st_degree,img1378.jpg
burn_1st_degree_kg2_258.jpg,burn,1st_degree,img1379.jpg
burn_3rd_degree_kg2_259.jpg,burn,3rd_degree,img138.jpg
burn_1st_degree_kg2_260.jpg,burn,1st_degree,img1380.jpg
burn_3rd_degree_kg2_261.jpg,burn,3rd_degree,img1381.jpg
burn_1st_degree_kg2_262.jpg,burn,1st_degree,img1382.jpg
burn_1st_degree_kg2_263.jpg,burn,1st_degree,img1383.jpg
burn_1st_degree_kg2_264.jpg,burn,1st_degree,img1384.jpg
burn_2nd_degree_kg2_265.jpg,burn,2nd_degree,img1385.jpg
burn_2nd_degree_kg2_266.jpg,burn,2nd_degree,img1387.jpg
burn_2nd_degree_kg2_267.jpg,burn,2nd_degree,img1388.jpg
burn_2nd_degree_kg2_268.jpg,burn,2nd_degree,img1389.jpg
burn_2nd_degree_kg2_269.jpg,burn,2nd_degree,img139.jpg
burn_2nd_degree_kg2_270.jpg,burn,2nd_degree,img1391.jpg
burn_3rd_degree_kg2_271.jpg,burn,3rd_degree,img1392.jpg
burn_2nd_degree_kg2_272.jpg,burn,2nd_degree,img1393.jpg
burn_2nd_degree_kg2_273.jpg,burn,2nd_degree,img1394.jpg
burn_1st_degree_kg2_274.jpg,burn,1st_degree,img1395.jpg
burn_1st_degree_kg2_275.jpg,burn,1st_degree,img1396.jpg
burn_1st_degree_kg2_276.jpg,burn,1st_degree,img140.jpg
burn_2nd_degree_kg2_277.jpg,burn,2nd_degree,img1400.jpg
burn_2nd_degree_kg2_278.jpg,burn,2nd_degree,img1401.jpg
burn_2nd_degree_kg2_279.jpg,burn,2nd_degree,img1402.jpg
burn_1st_degree_kg2_280.jpg,burn,1st_degree,img1403.jpg
burn_1st_degree_kg2_281.jpg,burn,1st_degree,img1404.jpg
burn_1st_degree_kg2_282.jpg,burn,1st_degree,img1405.jpg
burn_2nd_degree_kg2_283.jpg,burn,2nd_degree,img1406.jpg
burn_3rd_degree_kg2_284.jpg,burn,3rd_degree,img1407.jpg
burn_3rd_degree_kg2_285.jpg,burn,3rd_degree,img1408.jpg
burn_1st_degree_kg2_286.jpg,burn,1st_degree,img141.jpg
burn_2nd_degree_kg2_287.jpg,burn,2nd_degree,img1410.jpg
burn_2nd_degree_kg2_288.jpg,burn,2nd_degree,img1411.jpg
burn_2nd_degree_kg2_289.jpg,burn,2nd_degree,img1413.jpg
burn_2nd_degree_kg2_290.jpg,burn,2nd_degree,img1414.jpg
burn_2nd_degree_kg2_291.jpg,burn,2nd_degree,img1416.jpg
burn_2nd_degree_kg2_292.jpg,burn,2nd_degree,img1417.jpg
burn_3rd_degree_kg2_293.jpg,burn,3rd_degree,img1418.jpg
burn_1st_degree_kg2_294.jpg,burn,1st_degree,img1419.jpg
burn_1st_degree_kg2_295.jpg,burn,1st_degree,img142.jpg
burn_1st_degree_kg2_296.jpg,burn,1st_degree,img1421.jpg
burn_1st_degree_kg2_297.jpg,burn,1st_degree,img1422.jpg
burn_1st_degree_kg2_298.jpg,burn,1st_degree,img1423.jpg
burn_2nd_degree_kg2_299.jpg,burn,2nd_degree,img1424.jpeg
burn_3rd_degree_kg2_300.jpg,burn,3rd_degree,img1426.jpg
burn_2nd_degree_kg2_301.jpg,burn,2nd_degree,img1427.jpg
burn_3rd_degree_kg2_302.jpg,burn,3rd_degree,img143.jpg
burn_2nd_degree_kg2_303.jpg,burn,2nd_degree,img1431.jpg
burn_3rd_degree_kg2_304.jpg,burn,3rd_degree,img1433.jpg
burn_1st_degree_kg2_305.jpg,burn,1st_degree,img1434.jpg
burn_2nd_degree_kg2_306.jpg,burn,2nd_degree,img1435.jpg
burn_2nd_degree_kg2_307.jpg,burn,2nd_degree,img1436.jpg
burn_1st_degree_kg2_308.jpg,burn,1st_degree,img1439.jpg
burn_1st_degree_kg2_309.jpg,burn,1st_degree,img144.jpg
burn_3rd_degree_kg2_310.jpg,burn,3rd_degree,img145.jpg
burn_3rd_degree_kg2_311.jpg,burn,3rd_degree,img146.jpg
burn_1st_degree_kg2_312.jpg,burn,1st_degree,img147.jpg
burn_2nd_degree_kg2_313.jpg,burn,2nd_degree,img148.jpg
burn_3rd_degree_kg2_314.jpg,burn,3rd_degree,img15.jpg
burn_1st_degree_kg2_315.jpg,burn,1st_degree,img150.jpg
burn_1st_degree_kg2_316.jpg,burn,1st_degree,img151.jpg
burn_2nd_degree_kg2_317.jpg,burn,2nd_degree,img152.jpg
burn_2nd_degree_kg2_318.jpg,burn,2nd_degree,img153.jpg
burn_2nd_degree_kg2_319.jpg,burn,2nd_degree,img154.jpg
burn_2nd_degree_kg2_320.jpg,burn,2nd_degree,img155.jpg
burn_1st_degree_kg2_321.jpg,burn,1st_degree,img156.jpg
burn_1st_degree_kg2_322.jpg,burn,1st_degree,img157.jpg
burn_1st_degree_kg2_323.jpg,burn,1st_degree,img158.jpg
burn_2nd_degree_kg2_324.jpg,burn,2nd_degree,img159.jpg
burn_1st_degree_kg2_325.jpg,burn,1st_degree,img16.jpg
burn_1st_degree_kg2_326.jpg,burn,1st_degree,img160.jpg
burn_2nd_degree_kg2_327.jpg,burn,2nd_degree,img161.jpg
burn_2nd_degree_kg2_328.jpg,burn,2nd_degree,img162.jpg
burn_3rd_degree_kg2_329.jpg,burn,3rd_degree,img164.jpg
burn_2nd_degree_kg2_330.jpg,burn,2nd_degree,img165.jpg
burn_2nd_degree_kg2_331.jpg,burn,2nd_degree,img166.jpg
burn_3rd_degree_kg2_332.jpg,burn,3rd_degree,img167.jpg
burn_1st_degree_kg2_333.jpg,burn,1st_degree,img168.jpg
burn_1st_degree_kg2_334.jpg,burn,1st_degree,img169.jpg
burn_2nd_degree_kg2_335.jpg,burn,2nd_degree,img17.jpg
burn_3rd_degree_kg2_336.jpg,burn,3rd_degree,img170.jpg
burn_1st_degree_kg2_337.jpg,burn,1st_degree,img171.jpg
burn_3rd_degree_kg2_338.jpg,burn,3rd_degree,img173.jpg
burn_2nd_degree_kg2_339.jpg,burn,2nd_degree,img175.jpg
burn_2nd_degree_kg2_340.jpg,burn,2nd_degree,img176.jpg
burn_1st_degree_kg2_341.jpg,burn,1st_degree,img177.jpg
burn_2nd_degree_kg2_342.jpg,burn,2nd_degree,img178.jpg
burn_1st_degree_kg2_343.jpg,burn,1st_degree,img179.jpg
burn_1st_degree_kg2_344.jpg,burn,1st_degree,img18.jpg
burn_1st_degree_kg2_345.jpg,burn,1st_degree,img180.jpg
burn_3rd_degree_kg2_346.jpg,burn,3rd_degree,img181.jpg
burn_1st_degree_kg2_347.jpg,burn,1st_degree,img182.jpg
burn_2nd_degree_kg2_348.jpg,burn,2nd_degree,img184.jpg
burn_1st_degree_kg2_349.jpg,burn,1st_degree,img185.jpg
burn_2nd_degree_kg2_350.jpg,burn,2nd_degree,img186.jpg
burn_2nd_degree_kg2_351.jpg,burn,2nd_degree,img188.jpg
burn_2nd_degree_kg2_352.jpg,burn,2nd_degree,img189.jpg
burn_3rd_degree_kg2_353.jpg,burn,3rd_degree,img190.jpg
burn_2nd_degree_kg2_354.jpg,burn,2nd_degree,img191.jpg
burn_1st_degree_kg2_355.jpg,burn,1st_degree,img192.jpg
burn_1st_degree_kg2_356.jpg,burn,1st_degree,img193.jpg
burn_1st_degree_kg2_357.jpg,burn,1st_degree,img194.jpg
burn_3rd_degree_kg2_358.jpg,burn,3rd_degree,img195.jpg
burn_1st_degree_kg2_359.jpg,burn,1st_degree,img198.jpg
burn_2nd_degree_kg2_360.jpg,burn,2nd_degree,img199.jpg
burn_1st_degree_kg2_361.jpg,burn,1st_degree,img20.jpg
burn_3rd_degree_kg2_362.jpg,burn,3rd_degree,img200.jpg
burn_1st_degree_kg2_363.jpg,burn,1st_degree,img201.jpg
burn_2nd_degree_kg2_364.jpg,burn,2nd_degree,img202.jpg
burn_2nd_degree_kg2_365.jpg,burn,2nd_degree,img203.jpg
burn_2nd_degree_kg2_366.jpg,burn,2nd_degree,img205.jpg
burn_2nd_degree_kg2_367.jpg,burn,2nd_degree,img206.jpg
burn_2nd_degree_kg2_368.jpg,burn,2nd_degree,img21.jpg
burn_2nd_degree_kg2_369.jpg,burn,2nd_degree,img210.jpg
burn_2nd_degree_kg2_370.jpg,burn,2nd_degree,img211.jpg
burn_3rd_degree_kg2_371.jpg,burn,3rd_degree,img212.jpg
burn_3rd_degree_kg2_372.jpg,burn,3rd_degree,img213.jpg
burn_2nd_degree_kg2_373.jpg,burn,2nd_degree,img214.jpg
burn_3rd_degree_kg2_374.jpg,burn,3rd_degree,img215.jpg
burn_1st_degree_kg2_375.jpg,burn,1st_degree,img216.jpg
burn_2nd_degree_kg2_376.jpg,burn,2nd_degree,img217.jpg
burn_2nd_degree_kg2_377.jpg,burn,2nd_degree,img218.jpg
burn_3rd_degree_kg2_378.jpg,burn,3rd_degree,img219.jpg
burn_2nd_degree_kg2_379.jpg,burn,2nd_degree,img22.jpg
burn_1st_degree_kg2_380.jpg,burn,1st_degree,img220.jpg
burn_3rd_degree_kg2_381.jpg,burn,3rd_degree,img221.jpg
burn_2nd_degree_kg2_382.jpg,burn,2nd_degree,img222.jpg
burn_1st_degree_kg2_383.jpg,burn,1st_degree,img223.jpg
burn_1st_degree_kg2_384.jpg,burn,1st_degree,img224.jpg
burn_3rd_degree_kg2_385.jpg,burn,3rd_degree,img225.jpg
burn_1st_degree_kg2_386.jpg,burn,1st_degree,img226.jpg
burn_2nd_degree_kg2_387.jpg,burn,2nd_degree,img227.jpg
burn_1st_degree_kg2_388.jpg,burn,1st_degree,img228.jpg
burn_3rd_degree_kg2_389.jpg,burn,3rd_degree,img229.jpg
burn_1st_degree_kg2_390.jpg,burn,1st_degree,img23.jpg
burn_1st_degree_kg2_391.jpg,burn,1st_degree,img230.jpg
burn_2nd_degree_kg2_392.jpg,burn,2nd_degree,img231.jpg
burn_3rd_degree_kg2_393.jpg,burn,3rd_degree,img233.jpg
burn_1st_degree_kg2_394.jpg,burn,1st_degree,img234.jpg
burn_1st_degree_kg2_395.jpg,burn,1st_degree,img235.jpg
burn_2nd_degree_kg2_396.jpg,burn,2nd_degree,img236.jpg
burn_2nd_degree_kg2_397.jpg,burn,2nd_degree,img237.jpg
burn_2nd_degree_kg2_398.jpg,burn,2nd_degree,img238.jpg
burn_1st_degree_kg2_399.jpg,burn,1st_degree,img239.jpg
burn_3rd_degree_kg2_400.jpg,burn,3rd_degree,img24.jpg
burn_2nd_degree_kg2_401.jpg,burn,2nd_degree,img241.jpg
burn_3rd_degree_kg2_402.jpg,burn,3rd_degree,img242.jpg
burn_1st_degree_kg2_403.jpg,burn,1st_degree,img243.jpg
burn_3rd_degree_kg2_404.jpg,burn,3rd_degree,img244.jpg
burn_1st_degree_kg2_405.jpg,burn,1st_degree,img245.jpg
burn_2nd_degree_kg2_406.jpg,burn,2nd_degree,img247.jpg
burn_2nd_degree_kg2_407.jpg,burn,2nd_degree,img248.jpg
burn_1st_degree_kg2_408.jpg,burn,1st_degree,img25.jpg
burn_2nd_degree_kg2_409.jpg,burn,2nd_degree,img250.jpg
burn_3rd_degree_kg2_410.jpg,burn,3rd_degree,img251.jpg
burn_3rd_degree_kg2_411.jpg,burn,3rd_degree,img252.jpg
burn_2nd_degree_kg2_412.jpg,burn,2nd_degree,img254.jpg
burn_2nd_degree_kg2_413.jpg,burn,2nd_degree,img255.jpg
burn_1st_degree_kg2_414.jpg,burn,1st_degree,img256.jpg
burn_1st_degree_kg2_415.jpg,burn,1st_degree,img257.jpg
burn_3rd_degree_kg2_416.jpg,burn,3rd_degree,img258.jpg
burn_2nd_degree_kg2_417.jpg,burn,2nd_degree,img259.jpg
burn_2nd_degree_kg2_418.jpg,burn,2nd_degree,img26.jpg
burn_3rd_degree_kg2_419.jpg,burn,3rd_degree,img260.jpg
burn_2nd_degree_kg2_420.jpg,burn,2nd_degree,img261.jpg
burn_2nd_degree_kg2_421.jpg,burn,2nd_degree,img263.jpg
burn_1st_degree_kg2_422.jpg,burn,1st_degree,img264.jpg
burn_2nd_degree_kg2_423.jpg,burn,2nd_degree,img265.jpg
burn_2nd_degree_kg2_424.jpg,burn,2nd_degree,img266.jpg
burn_1st_degree_kg2_425.jpg,burn,1st_degree,img267.jpg
burn_1st_degree_kg2_426.jpg,burn,1st_degree,img268.jpg
burn_1st_degree_kg2_427.jpg,burn,1st_degree,img269.jpg
burn_1st_degree_kg2_428.jpg,burn,1st_degree,img27.jpg
burn_2nd_degree_kg2_429.jpg,burn,2nd_degree,img270.jpg
burn_1st_degree_kg2_430.jpg,burn,1st_degree,img271.jpg
burn_1st_degree_kg2_431.jpg,burn,1st_degree,img274.jpg
burn_3rd_degree_kg2_432.jpg,burn,3rd_degree,img275.jpg
burn_1st_degree_kg2_433.jpg,burn,1st_degree,img276.jpg
burn_3rd_degree_kg2_434.jpg,burn,3rd_degree,img277.jpg
burn_3rd_degree_kg2_435.jpg,burn,3rd_degree,img278.jpg
burn_1st_degree_kg2_436.jpg,burn,1st_degree,img28.jpg
burn_1st_degree_kg2_437.jpg,burn,1st_degree,img280.jpg
burn_2nd_degree_kg2_438.jpg,burn,2nd_degree,img281.jpg
burn_1st_degree_kg2_439.jpg,burn,1st_degree,img283.jpg
burn_1st_degree_kg2_440.jpg,burn,1st_degree,img284.jpg
burn_2nd_degree_kg2_441.jpg,burn,2nd_degree,img285.jpg
burn_2nd_degree_kg2_442.jpg,burn,2nd_degree,img286.jpg
burn_3rd_degree_kg2_443.jpg,burn,3rd_degree,img287.jpg
burn_1st_degree_kg2_444.jpg,burn,1st_degree,img288.jpg
burn_2nd_degree_kg2_445.jpg,burn,2nd_degree,img289.jpg
burn_1st_degree_kg2_446.jpg,burn,1st_degree,img29.jpg
burn_2nd_degree_kg2_447.jpg,burn,2nd_degree,img290.jpg
burn_2nd_degree_kg2_448.jpg,burn,2nd_degree,img291.jpg
burn_1st_degree_kg2_449.jpg,burn,1st_degree,img292.jpg
burn_2nd_degree_kg2_450.jpg,burn,2nd_degree,img293.jpg
burn_2nd_degree_kg2_451.jpg,burn,2nd_degree,img295.jpg
burn_1st_degree_kg2_452.jpg,burn,1st_degree,img296.jpg
burn_3rd_degree_kg2_453.jpg,burn,3rd_degree,img297.jpg
burn_1st_degree_kg2_454.jpg,burn,1st_degree,img298.jpg
burn_1st_degree_kg2_455.jpg,burn,1st_degree,img3.jpg
burn_1st_degree_kg2_456.jpg,burn,1st_degree,img30.jpg
burn_2nd_degree_kg2_457.jpg,burn,2nd_degree,img301.jpg
burn_1st_degree_kg2_458.jpg,burn,1st_degree,img302.jpg
burn_1st_degree_kg2_459.jpg,burn,1st_degree,img303.jpg
burn_1st_degree_kg2_460.jpg,burn,1st_degree,img304.jpg
burn_3rd_degree_kg2_461.jpg,burn,3rd_degree,img305.jpg
burn_1st_degree_kg2_462.jpg,burn,1st_degree,img306.jpg
burn_1st_degree_kg2_463.jpg,burn,1st_degree,img307.jpg
burn_1st_degree_kg2_464.jpg,burn,1st_degree,img309.jpg
burn_3rd_degree_kg2_465.jpg,burn,3rd_degree,img31.jpg
burn_2nd_degree_kg2_466.jpg,burn,2nd_degree,img310.jpg
burn_2nd_degree_kg2_467.jpg,burn,2nd_degree,img311.jpg
burn_2nd_degree_kg2_468.jpg,burn,2nd_degree,img312.jpg
burn_2nd_degree_kg2_469.jpg,burn,2nd_degree,img313.jpg
burn_2nd_degree_kg2_470.jpg,burn,2nd_degree,img315.jpg
burn_1st_degree_kg2_471.jpg,burn,1st_degree,img316.jpg
burn_1st_degree_kg2_472.jpg,burn,1st_degree,img317.jpg
burn_2nd_degree_kg2_473.jpg,burn,2nd_degree,img318.jpg
burn_3rd_degree_kg2_474.jpg,burn,3rd_degree,img319.jpg
burn_3rd_degree_kg2_475.jpg,burn,3rd_degree,img320.jpg
burn_2nd_degree_kg2_476.jpg,burn,2nd_degree,img321.jpg
burn_1st_degree_kg2_477.jpg,burn,1st_degree,img322.jpg
burn_2nd_degree_kg2_478.jpg,burn,2nd_degree,img323.jpg
burn_1st_degree_kg2_479.jpg,burn,1st_degree,img324.jpg
burn_1st_degree_kg2_480.jpg,burn,1st_degree,img325.jpg
burn_2nd_degree_kg2_481.jpg,burn,2nd_degree,img326.jpg
burn_2nd_degree_kg2_482.jpg,burn,2nd_degree,img327.jpg
burn_2nd_degree_kg2_483.jpg,burn,2nd_degree,img328.jpg
burn_2nd_degree_kg2_484.jpg,burn,2nd_degree,img329.jpg
burn_1st_degree_kg2_485.jpg,burn,1st_degree,img33.jpg
burn_1st_degree_kg2_486.jpg,burn,1st_degree,img331.jpg
burn_2nd_degree_kg2_487.jpg,burn,2nd_degree,img333.jpg
burn_2nd_degree_kg2_488.jpg,burn,2nd_degree,img335.jpg
burn_1st_degree_kg2_489.jpg,burn,1st_degree,img336.jpg
burn_3rd_degree_kg2_490.jpg,burn,3rd_degree,img337.jpg
burn_1st_degree_kg2_491.jpg,burn,1st_degree,img338.jpg
burn_2nd_degree_kg2_492.jpg,burn,2nd_degree,img339.jpg
burn_3rd_degree_kg2_493.jpg,burn,3rd_degree,img34.jpg
burn_1st_degree_kg2_494.jpg,burn,1st_degree,img340.jpg
burn_1st_degree_kg2_495.jpg,burn,1st_degree,img341.jpg
burn_1st_degree_kg2_496.jpg,burn,1st_degree,img342.jpg
burn_1st_degree_kg2_497.jpg,burn,1st_degree,img343.jpg
burn_3rd_degree_kg2_498.jpg,burn,3rd_degree,img344.jpg
burn_3rd_degree_kg2_499.jpg,burn,3rd_degree,img345.jpg
burn_1st_degree_kg2_500.jpg,burn,1st_degree,img346.jpg
burn_1st_degree_kg2_501.jpg,burn,1st_degree,img347.jpg
burn_1st_degree_kg2_502.jpg,burn,1st_degree,img348.jpg
burn_2nd_degree_kg2_503.jpg,burn,2nd_degree,img349.jpg
burn_2nd_degree_kg2_504.jpg,burn,2nd_degree,img35.jpg
burn_2nd_degree_kg2_505.jpg,burn,2nd_degree,img350.jpg
burn_1st_degree_kg2_506.jpg,burn,1st_degree,img351.jpg
burn_1st_degree_kg2_507.jpg,burn,1st_degree,img352.jpg
burn_2nd_degree_kg2_508.jpg,burn,2nd_degree,img353.jpg
burn_1st_degree_kg2_509.jpg,burn,1st_degree,img354.jpg
burn_1st_degree_kg2_510.jpg,burn,1st_degree,img355.jpg
burn_3rd_degree_kg2_511.jpg,burn,3rd_degree,img356.jpg
burn_1st_degree_kg2_512.jpg,burn,1st_degree,img358.jpg
burn_2nd_degree_kg2_513.jpg,burn,2nd_degree,img36.jpg
burn_2nd_degree_kg2_514.jpg,burn,2nd_degree,img360.jpg
burn_2nd_degree_kg2_515.jpg,burn,2nd_degree,img361.jpg
burn_1st_degree_kg2_516.jpg,burn,1st_degree,img362.jpg
burn_2nd_degree_kg2_517.jpg,burn,2nd_degree,img363.jpg
burn_3rd_degree_kg2_518.jpg,burn,3rd_degree,img364.jpg
burn_3rd_degree_kg2_519.jpg,burn,3rd_degree,img365.jpg
burn_1st_degree_kg2_520.jpg,burn,1st_degree,img366.jpg
burn_1st_degree_kg2_521.jpg,burn,1st_degree,img367.jpg
burn_1st_degree_kg2_522.jpg,burn,1st_degree,img368.jpg
burn_1st_degree_kg2_523.jpg,burn,1st_degree,img369.jpg
burn_1st_degree_kg2_524.jpg,burn,1st_degree,img37.jpg
burn_2nd_degree_kg2_525.jpg,burn,2nd_degree,img370.jpg
burn_2nd_degree_kg2_526.jpg,burn,2nd_degree,img371.jpg
burn_1st_degree_kg2_527.jpg,burn,1st_degree,img372.jpg
burn_2nd_degree_kg2_528.jpg,burn,2nd_degree,img374.jpg
burn_3rd_degree_kg2_529.jpg,burn,3rd_degree,img375.jpg
burn_2nd_degree_kg2_530.jpg,burn,2nd_degree,img376.jpg
burn_3rd_degree_kg2_531.jpg,burn,3rd_degree,img377.jpg
burn_2nd_degree_kg2_532.jpg,burn,2nd_degree,img379.jpg
burn_1st_degree_kg2_533.jpg,burn,1st_degree,img38.jpg
burn_1st_degree_kg2_534.jpg,burn,1st_degree,img380.jpg
burn_1st_degree_kg2_535.jpg,burn,1st_degree,img381.jpg
burn_2nd_degree_kg2_536.jpg,burn,2nd_degree,img382.jpg
burn_1st_degree_kg2_537.jpg,burn,1st_degree,img383.jpg
burn_3rd_degree_kg2_538.jpg,burn,3rd_degree,img384.jpg
burn_3rd_degree_kg2_539.jpg,burn,3rd_degree,img385.jpg
burn_1st_degree_kg2_540.jpg,burn,1st_degree,img386.jpg
burn_2nd_degree_kg2_541.jpg,burn,2nd_degree,img387.jpg
burn_3rd_degree_kg2_542.jpg,burn,3rd_degree,img388.jpg
burn_1st_degree_kg2_543.jpg,burn,1st_degree,img389.jpg
burn_1st_degree_kg2_544.jpg,burn,1st_degree,img39.jpg
burn_1st_degree_kg2_545.jpg,burn,1st_degree,img390.jpg
burn_1st_degree_kg2_546.jpg,burn,1st_degree,img391.jpg
burn_1st_degree_kg2_547.jpg,burn,1st_degree,img392.jpg
burn_1st_degree_kg2_548.jpg,burn,1st_degree,img393.jpg
burn_1st_degree_kg2_549.jpg,burn,1st_degree,img394.jpg
burn_2nd_degree_kg2_550.jpg,burn,2nd_degree,img395.jpg
burn_3rd_degree_kg2_551.jpg,burn,3rd_degree,img396.jpg
burn_1st_degree_kg2_552.jpg,burn,1st_degree,img397.jpg
burn_2nd_degree_kg2_553.jpg,burn,2nd_degree,img398.jpg
burn_1st_degree_kg2_554.jpg,burn,1st_degree,img399.jpg
burn_1st_degree_kg2_555.jpg,burn,1st_degree,img4.jpg
burn_2nd_degree_kg2_556.jpg,burn,2nd_degree,img400.jpg
burn_2nd_degree_kg2_557.jpg,burn,2nd_degree,img401.jpg
burn_3rd_degree_kg2_558.jpg,burn,3rd_degree,img404.jpg
burn_2nd_degree_kg2_559.jpg,burn,2nd_degree,img405.jpg
burn_3rd_degree_kg2_560.jpg,burn,3rd_degree,img406.jpg
burn_2nd_degree_kg2_561.jpg,burn,2nd_degree,img407.jpg
burn_1st_degree_kg2_562.jpg,burn,1st_degree,img408.jpg
burn_1st_degree_kg2_563.jpg,burn,1st_degree,img41.jpg
burn_2nd_degree_kg2_564.jpg,burn,2nd_degree,img410.jpg
burn_2nd_degree_kg2_565.jpg,burn,2nd_degree,img411.jpg
burn_1st_degree_kg2_566.jpg,burn,1st_degree,img412.jpg
burn_1st_degree_kg2_567.jpg,burn,1st_degree,img413.jpg
burn_1st_degree_kg2_568.jpg,burn,1st_degree,img414.jpg
burn_1st_degree_kg2_569.jpg,burn,1st_degree,img415.jpg
burn_2nd_degree_kg2_570.jpg,burn,2nd_degree,img416.jpg
burn_1st_degree_kg2_571.jpg,burn,1st_degree,img417.jpg
burn_1st_degree_kg2_572.jpg,burn,1st_degree,img418.jpg
burn_1st_degree_kg2_573.jpg,burn,1st_degree,img419.jpg
burn_2nd_degree_kg2_574.jpg,burn,2nd_degree,img42.jpg
burn_1st_degree_kg2_575.jpg,burn,1st_degree,img420.jpg
burn_2nd_degree_kg2_576.jpg,burn,2nd_degree,img421.jpg
burn_1st_degree_kg2_577.jpg,burn,1st_degree,img422.jpg
burn_1st_degree_kg2_578.jpg,burn,1st_degree,img424.jpg
burn_1st_degree_kg2_579.jpg,burn,1st_degree,img425.jpg
burn_2nd_degree_kg2_580.jpg,burn,2nd_degree,img426.jpg
burn_1st_degree_kg2_581.jpg,burn,1st_degree,img429.jpg
burn_1st_degree_kg2_582.jpg,burn,1st_degree,img43.jpg
burn_1st_degree_kg2_583.jpg,burn,1st_degree,img430.jpg
burn_2nd_degree_kg2_584.jpg,burn,2nd_degree,img431.jpg
burn_2nd_degree_kg2_585.jpg,burn,2nd_degree,img433.jpg
burn_1st_degree_kg2_586.jpg,burn,1st_degree,img434.jpg
burn_2nd_degree_kg2_587.jpg,burn,2nd_degree,img435.jpg
burn_2nd_degree_kg2_588.jpg,burn,2nd_degree,img436.jpg
burn_2nd_degree_kg2_589.jpg,burn,2nd_degree,img437.jpg
burn_1st_degree_kg2_590.jpg,burn,1st_degree,img438.jpg
burn_1st_degree_kg2_591.jpg,burn,1st_degree,img439.jpg
burn_1st_degree_kg2_592.jpg,burn,1st_degree,img44.jpg
burn_3rd_degree_kg2_593.jpg,burn,3rd_degree,img440.jpg
burn_1st_degree_kg2_594.jpg,burn,1st_degree,img441.jpg
burn_1st_degree_kg2_595.jpg,burn,1st_degree,img443.jpg
burn_1st_degree_kg2_596.jpg,burn,1st_degree,img444.jpg
burn_3rd_degree_kg2_597.jpg,burn,3rd_degree,img445.jpg
burn_2nd_degree_kg2_598.jpg,burn,2nd_degree,img446.jpg
burn_1st_degree_kg2_599.jpg,burn,1st_degree,img447.jpg
burn_1st_degree_kg2_600.jpg,burn,1st_degree,img448.jpg
burn_2nd_degree_kg2_601.jpg,burn,2nd_degree,img449.jpg
burn_1st_degree_kg2_602.jpg,burn,1st_degree,img45.jpg
burn_1st_degree_kg2_603.jpg,burn,1st_degree,img450.jpg
burn_2nd_degree_kg2_604.jpg,burn,2nd_degree,img451.jpg
burn_1st_degree_kg2_605.jpg,burn,1st_degree,img452.jpg
burn_3rd_degree_kg2_606.jpg,burn,3rd_degree,img453.jpg
burn_1st_degree_kg2_607.jpg,burn,1st_degree,img454.jpg
burn_1st_degree_kg2_608.jpg,burn,1st_degree,img455.jpg
burn_1st_degree_kg2_609.jpg,burn,1st_degree,img456.jpg
burn_2nd_degree_kg2_610.jpg,burn,2nd_degree,img457.jpg
burn_3rd_degree_kg2_611.jpg,burn,3rd_degree,img459.jpg
burn_3rd_degree_kg2_612.jpg,burn,3rd_degree,img461.jpg
burn_1st_degree_kg2_613.jpg,burn,1st_degree,img462.jpg
burn_1st_degree_kg2_614.jpg,burn,1st_degree,img463.jpg
burn_1st_degree_kg2_615.jpg,burn,1st_degree,img464.jpg
burn_1st_degree_kg2_616.jpg,burn,1st_degree,img465.jpg
burn_2nd_degree_kg2_617.jpg,burn,2nd_degree,img467.jpg
burn_3rd_degree_kg2_618.jpg,burn,3rd_degree,img468.jpg
burn_1st_degree_kg2_619.jpg,burn,1st_degree,img469.jpg
burn_3rd_degree_kg2_620.jpg,burn,3rd_degree,img47.jpg
burn_1st_degree_kg2_621.jpg,burn,1st_degree,img470.jpg
burn_3rd_degree_kg2_622.jpg,burn,3rd_degree,img471.jpg
burn_2nd_degree_kg2_623.jpg,burn,2nd_degree,img472.jpg
burn_1st_degree_kg2_624.jpg,burn,1st_degree,img473.jpg
burn_2nd_degree_kg2_625.jpg,burn,2nd_degree,img474.jpg
burn_1st_degree_kg2_626.jpg,burn,1st_degree,img475.jpg
burn_2nd_degree_kg2_627.jpg,burn,2nd_degree,img476.jpg
burn_2nd_degree_kg2_628.jpg,burn,2nd_degree,img477.jpg
burn_2nd_degree_kg2_629.jpg,burn,2nd_degree,img479.jpg
burn_1st_degree_kg2_630.jpg,burn,1st_degree,img48.jpg
burn_1st_degree_kg2_631.jpg,burn,1st_degree,img480.jpg
burn_1st_degree_kg2_632.jpg,burn,1st_degree,img481.jpg
burn_1st_degree_kg2_633.jpg,burn,1st_degree,img482.jpg
burn_2nd_degree_kg2_634.jpg,burn,2nd_degree,img483.jpg
burn_2nd_degree_kg2_635.jpg,burn,2nd_degree,img484.jpg
burn_1st_degree_kg2_636.jpg,burn,1st_degree,img485.jpg
burn_1st_degree_kg2_637.jpg,burn,1st_degree,img486.jpg
burn_3rd_degree_kg2_638.jpg,burn,3rd_degree,img487.jpg
burn_1st_degree_kg2_639.jpg,burn,1st_degree,img488.jpg
burn_1st_degree_kg2_640.jpg,burn,1st_degree,img489.jpg
burn_3rd_degree_kg2_641.jpg,burn,3rd_degree,img49.jpg
burn_1st_degree_kg2_642.jpg,burn,1st_degree,img491.jpg
burn_1st_degree_kg2_643.jpg,burn,1st_degree,img492.jpg
burn_1st_degree_kg2_644.jpg,burn,1st_degree,img493.jpg
burn_1st_degree_kg2_645.jpg,burn,1st_degree,img494.jpg
burn_2nd_degree_kg2_646.jpg,burn,2nd_degree,img495.jpg
burn_1st_degree_kg2_647.jpg,burn,1st_degree,img496.jpg
burn_1st_degree_kg2_648.jpg,burn,1st_degree,img497.jpg
burn_2nd_degree_kg2_649.jpg,burn,2nd_degree,img498.jpg
burn_3rd_degree_kg2_650.jpg,burn,3rd_degree,img499.jpg
burn_2nd_degree_kg2_651.jpg,burn,2nd_degree,img5.jpg
burn_2nd_degree_kg2_652.jpg,burn,2nd_degree,img50.jpg
burn_3rd_degree_kg2_653.jpg,burn,3rd_degree,img500.jpg
burn_1st_degree_kg2_654.jpg,burn,1st_degree,img501.jpg
burn_1st_degree_kg2_655.jpg,burn,1st_degree,img503.jpg
burn_3rd_degree_kg2_656.jpg,burn,3rd_degree,img504.jpg
burn_1st_degree_kg2_657.jpg,burn,1st_degree,img506.jpg
burn_3rd_degree_kg2_658.jpg,burn,3rd_degree,img507.jpg
burn_2nd_degree_kg2_659.jpg,burn,2nd_degree,img508.jpg
burn_3rd_degree_kg2_660.jpg,burn,3rd_degree,img509.jpg
burn_3rd_degree_kg2_661.jpg,burn,3rd_degree,img51.jpg
burn_1st_degree_kg2_662.jpg,burn,1st_degree,img510.jpg
burn_2nd_degree_kg2_663.jpg,burn,2nd_degree,img511.jpg
burn_2nd_degree_kg2_664.jpg,burn,2nd_degree,img513.jpg
burn_1st_degree_kg2_665.jpg,burn,1st_degree,img514.jpg
burn_1st_degree_kg2_666.jpg,burn,1st_degree,img515.jpg
burn_2nd_degree_kg2_667.jpg,burn,2nd_degree,img517.jpg
burn_1st_degree_kg2_668.jpg,burn,1st_degree,img518.jpg
burn_1st_degree_kg2_669.jpg,burn,1st_degree,img519.jpg
burn_3rd_degree_kg2_670.jpg,burn,3rd_degree,img52.jpg
burn_1st_degree_kg2_671.jpg,burn,1st_degree,img520.jpg
burn_1st_degree_kg2_672.jpg,burn,1st_degree,img521.jpg
burn_1st_degree_kg2_673.jpg,burn,1st_degree,img522.jpg
burn_1st_degree_kg2_674.jpg,burn,1st_degree,img523.jpg
burn_2nd_degree_kg2_675.jpg,burn,2nd_degree,img524.jpg
burn_1st_degree_kg2_676.jpg,burn,1st_degree,img525.jpg
burn_2nd_degree_kg2_677.jpg,burn,2nd_degree,img526.jpg
burn_3rd_degree_kg2_678.jpg,burn,3rd_degree,img527.jpg
burn_1st_degree_kg2_679.jpg,burn,1st_degree,img529.jpg
burn_1st_degree_kg2_680.jpg,burn,1st_degree,img53.jpg
burn_3rd_degree_kg2_681.jpg,burn,3rd_degree,img530.jpg
burn_1st_degree_kg2_682.jpg,burn,1st_degree,img531.jpg
burn_1st_degree_kg2_683.jpg,burn,1st_degree,img532.jpg
burn_2nd_degree_kg2_684.jpg,burn,2nd_degree,img533.jpg
burn_2nd_degree_kg2_685.jpg,burn,2nd_degree,img534.jpg
burn_1st_degree_kg2_686.jpg,burn,1st_degree,img535.jpg
burn_3rd_degree_kg2_687.jpg,burn,3rd_degree,img536.jpg
burn_3rd_degree_kg2_688.jpg,burn,3rd_degree,img537.jpg
burn_3rd_degree_kg2_689.jpg,burn,3rd_degree,img538.jpg
burn_1st_degree_kg2_690.jpg,burn,1st_degree,img539.jpg
burn_2nd_degree_kg2_691.jpg,burn,2nd_degree,img54.jpg
burn_2nd_degree_kg2_692.jpg,burn,2nd_degree,img540.jpg
burn_1st_degree_kg2_693.jpg,burn,1st_degree,img541.jpg
burn_1st_degree_kg2_694.jpg,burn,1st_degree,img542.jpg
burn_2nd_degree_kg2_695.jpg,burn,2nd_degree,img543.jpg
burn_2nd_degree_kg2_696.jpg,burn,2nd_degree,img544.jpg
burn_2nd_degree_kg2_697.jpg,burn,2nd_degree,img545.jpg
burn_1st_degree_kg2_698.jpg,burn,1st_degree,img546.jpg
burn_1st_degree_kg2_699.jpg,burn,1st_degree,img547.jpg
burn_1st_degree_kg2_700.jpg,burn,1st_degree,img548.jpg
burn_2nd_degree_kg2_701.jpg,burn,2nd_degree,img549.jpg
burn_3rd_degree_kg2_702.jpg,burn,3rd_degree,img55.jpg
burn_3rd_degree_kg2_703.jpg,burn,3rd_degree,img550.jpg
burn_1st_degree_kg2_704.jpg,burn,1st_degree,img552.jpg
burn_1st_degree_kg2_705.jpg,burn,1st_degree,img553.jpg
burn_1st_degree_kg2_706.jpg,burn,1st_degree,img555.jpg
burn_1st_degree_kg2_707.jpg,burn,1st_degree,img557.jpg
burn_2nd_degree_kg2_708.jpg,burn,2nd_degree,img558.jpg
burn_2nd_degree_kg2_709.jpg,burn,2nd_degree,img559.jpg
burn_1st_degree_kg2_710.jpg,burn,1st_degree,img56.jpg
burn_2nd_degree_kg2_711.jpg,burn,2nd_degree,img560.jpg
burn_1st_degree_kg2_712.jpg,burn,1st_degree,img561.jpg
burn_1st_degree_kg2_713.jpg,burn,1st_degree,img562.jpg
burn_1st_degree_kg2_714.jpg,burn,1st_degree,img563.jpg
burn_2nd_degree_kg2_715.jpg,burn,2nd_degree,img564.jpg
burn_1st_degree_kg2_716.jpg,burn,1st_degree,img565.jpg
burn_2nd_degree_kg2_717.jpg,burn,2nd_degree,img566.jpg
burn_1st_degree_kg2_718.jpg,burn,1st_degree,img567.jpg
burn_1st_degree_kg2_719.jpg,burn,1st_degree,img568.jpg
burn_1st_degree_kg2_720.jpg,burn,1st_degree,img569.jpg
burn_1st_degree_kg2_721.jpg,burn,1st_degree,img571.jpg
burn_1st_degree_kg2_722.jpg,burn,1st_degree,img572.jpg
burn_3rd_degree_kg2_723.jpg,burn,3rd_degree,img573.jpg
burn_1st_degree_kg2_724.jpg,burn,1st_degree,img574.jpg
burn_1st_degree_kg2_725.jpg,burn,1st_degree,img575.jpg
burn_2nd_degree_kg2_726.jpg,burn,2nd_degree,img577.jpg
burn_1st_degree_kg2_727.jpg,burn,1st_degree,img578.jpg
burn_1st_degree_kg2_728.jpg,burn,1st_degree,img579.jpg
burn_2nd_degree_kg2_729.jpg,burn,2nd_degree,img58.jpg
burn_2nd_degree_kg2_730.jpg,burn,2nd_degree,img580.jpg
burn_1st_degree_kg2_731.jpg,burn,1st_degree,img581.jpg
burn_3rd_degree_kg2_732.jpg,burn,3rd_degree,img582.jpg
burn_1st_degree_kg2_733.jpg,burn,1st_degree,img584.jpg
burn_1st_degree_kg2_734.jpg,burn,1st_degree,img585.jpg
burn_2nd_degree_kg2_735.jpg,burn,2nd_degree,img586.jpg
burn_1st_degree_kg2_736.jpg,burn,1st_degree,img588.jpg
burn_2nd_degree_kg2_737.jpg,burn,2nd_degree,img59.jpg
burn_1st_degree_kg2_738.jpg,burn,1st_degree,img590.jpg
burn_2nd_degree_kg2_739.jpg,burn,2nd_degree,img591.jpg
burn_3rd_degree_kg2_740.jpg,burn,3rd_degree,img593.jpg
burn_1st_degree_kg2_741.jpg,burn,1st_degree,img594.jpg
burn_1st_degree_kg2_742.jpg,burn,1st_degree,img595.jpg
burn_1st_degree_kg2_743.jpg,burn,1st_degree,img596.jpg
burn_1st_degree_kg2_744.jpg,burn,1st_degree,img597.jpg
burn_1st_degree_kg2_745.jpg,burn,1st_degree,img598.jpg
burn_1st_degree_kg2_746.jpg,burn,1st_degree,img599.jpg
burn_3rd_degree_kg2_747.jpg,burn,3rd_degree,img6.jpg
burn_2nd_degree_kg2_748.jpg,burn,2nd_degree,img60.jpg
burn_2nd_degree_kg2_749.jpg,burn,2nd_degree,img600.jpg
burn_1st_degree_kg2_750.jpg,burn,1st_degree,img602.jpg
burn_2nd_degree_kg2_751.jpg,burn,2nd_degree,img603.jpg
burn_1st_degree_kg2_752.jpg,burn,1st_degree,img604.jpg
burn_2nd_degree_kg2_753.jpg,burn,2nd_degree,img606.jpg
burn_1st_degree_kg2_754.jpg,burn,1st_degree,img607.jpg
burn_2nd_degree_kg2_755.jpg,burn,2nd_degree,img608.jpg
burn_2nd_degree_kg2_756.jpg,burn,2nd_degree,img609.jpg
burn_3rd_degree_kg2_757.jpg,burn,3rd_degree,img61.jpg
burn_1st_degree_kg2_758.jpg,burn,1st_degree,img612.jpg
burn_3rd_degree_kg2_759.jpg,burn,3rd_degree,img613.jpg
burn_2nd_degree_kg2_760.jpg,burn,2nd_degree,img615.jpg
burn_2nd_degree_kg2_761.jpg,burn,2nd_degree,img616.jpg
burn_2nd_degree_kg2_762.jpg,burn,2nd_degree,img617.jpg
burn_1st_degree_kg2_763.jpg,burn,1st_degree,img62.jpg
burn_1st_degree_kg2_764.jpg,burn,1st_degree,img620.jpg
burn_1st_degree_kg2_765.jpg,burn,1st_degree,img621.jpg
burn_1st_degree_kg2_766.jpg,burn,1st_degree,img622.jpg
burn_2nd_degree_kg2_767.jpg,burn,2nd_degree,img623.jpg
burn_3rd_degree_kg2_768.jpg,burn,3rd_degree,img624.jpg
burn_1st_degree_kg2_769.jpg,burn,1st_degree,img625.jpg
burn_1st_degree_kg2_770.jpg,burn,1st_degree,img626.jpg
burn_3rd_degree_kg2_771.jpg,burn,3rd_degree,img627.jpg
burn_1st_degree_kg2_772.jpg,burn,1st_degree,img628.jpg
burn_3rd_degree_kg2_773.jpg,burn,3rd_degree,img629.jpg
burn_1st_degree_kg2_774.jpg,burn,1st_degree,img63.jpg
burn_1st_degree_kg2_775.jpg,burn,1st_degree,img630.jpg
burn_1st_degree_kg2_776.jpg,burn,1st_degree,img631.jpg
burn_1st_degree_kg2_777.jpg,burn,1st_degree,img633.jpg
burn_3rd_degree_kg2_778.jpg,burn,3rd_degree,img635.jpg
burn_3rd_degree_kg2_779.jpg,burn,3rd_degree,img636.jpg
burn_2nd_degree_kg2_780.jpg,burn,2nd_degree,img638.jpg
burn_1st_degree_kg2_781.jpg,burn,1st_degree,img639.jpg
burn_2nd_degree_kg2_782.jpg,burn,2nd_degree,img64.jpg
burn_1st_degree_kg2_783.jpg,burn,1st_degree,img640.jpg
burn_2nd_degree_kg2_784.jpg,burn,2nd_degree,img641.jpg
burn_1st_degree_kg2_785.jpg,burn,1st_degree,img642.jpg
burn_2nd_degree_kg2_786.jpg,burn,2nd_degree,img643.jpg
burn_2nd_degree_kg2_787.jpg,burn,2nd_degree,img644.jpg
burn_3rd_degree_kg2_788.jpg,burn,3rd_degree,img645.jpg
burn_1st_degree_kg2_789.jpg,burn,1st_degree,img646.jpg
burn_2nd_degree_kg2_790.jpg,burn,2nd_degree,img648.jpg
burn_2nd_degree_kg2_791.jpg,burn,2nd_degree,img649.jpg
burn_1st_degree_kg2_792.jpg,burn,1st_degree,img650.jpg
burn_2nd_degree_kg2_793.jpg,burn,2nd_degree,img651.jpg
burn_1st_degree_kg2_794.jpg,burn,1st_degree,img652.jpg
burn_1st_degree_kg2_795.jpg,burn,1st_degree,img653.jpg
burn_1st_degree_kg2_796.jpg,burn,1st_degree,img655.jpg
burn_1st_degree_kg2_797.jpg,burn,1st_degree,img656.jpg
burn_2nd_degree_kg2_798.jpg,burn,2nd_degree,img657.jpg
burn_1st_degree_kg2_799.jpg,burn,1st_degree,img659.jpg
burn_3rd_degree_kg2_800.jpg,burn,3rd_degree,img66.jpg
burn_1st_degree_kg2_801.jpg,burn,1st_degree,img660.jpg
burn_1st_degree_kg2_802.jpg,burn,1st_degree,img661.jpg
burn_1st_degree_kg2_803.jpg,burn,1st_degree,img663.jpg
burn_1st_degree_kg2_804.jpg,burn,1st_degree,img664.jpg
burn_1st_degree_kg2_805.jpg,burn,1st_degree,img665.jpg
burn_3rd_degree_kg2_806.jpg,burn,3rd_degree,img667.jpg
burn_1st_degree_kg2_807.jpg,burn,1st_degree,img668.jpg
burn_2nd_degree_kg2_808.jpg,burn,2nd_degree,img669.jpg
burn_1st_degree_kg2_809.jpg,burn,1st_degree,img67.jpg
burn_2nd_degree_kg2_810.jpg,burn,2nd_degree,img670.jpg
burn_2nd_degree_kg2_811.jpg,burn,2nd_degree,img671.jpg
burn_3rd_degree_kg2_812.jpg,burn,3rd_degree,img672.jpg
burn_2nd_degree_kg2_813.jpg,burn,2nd_degree,img673.jpg
burn_1st_degree_kg2_814.jpg,burn,1st_degree,img674.jpg
burn_1st_degree_kg2_815.jpg,burn,1st_degree,img676.jpg
burn_2nd_degree_kg2_816.jpg,burn,2nd_degree,img677.jpg
burn_2nd_degree_kg2_817.jpg,burn,2nd_degree,img679.jpg
burn_2nd_degree_kg2_818.jpg,burn,2nd_degree,img680.jpg
burn_1st_degree_kg2_819.jpg,burn,1st_degree,img682.jpg
burn_1st_degree_kg2_820.jpg,burn,1st_degree,img683.jpg
burn_2nd_degree_kg2_821.jpg,burn,2nd_degree,img684.jpg
burn_2nd_degree_kg2_822.jpg,burn,2nd_degree,img686.jpg
burn_1st_degree_kg2_823.jpg,burn,1st_degree,img687.jpg
burn_2nd_degree_kg2_824.jpg,burn,2nd_degree,img688.jpg
burn_1st_degree_kg2_825.jpg,burn,1st_degree,img689.jpg
burn_2nd_degree_kg2_826.jpg,burn,2nd_degree,img69.jpg
burn_2nd_degree_kg2_827.jpg,burn,2nd_degree,img690.jpg
burn_1st_degree_kg2_828.jpg,burn,1st_degree,img691.jpg
burn_1st_degree_kg2_829.jpg,burn,1st_degree,img693.jpg
burn_1st_degree_kg2_830.jpg,burn,1st_degree,img694.jpg
burn_1st_degree_kg2_831.jpg,burn,1st_degree,img695.jpg
burn_1st_degree_kg2_832.jpg,burn,1st_degree,img696.jpg
burn_2nd_degree_kg2_833.jpg,burn,2nd_degree,img697.jpg
burn_1st_degree_kg2_834.jpg,burn,1st_degree,img698.jpg
burn_1st_degree_kg2_835.jpg,burn,1st_degree,img699.jpg
burn_2nd_degree_kg2_836.jpg,burn,2nd_degree,img700.jpg
burn_1st_degree_kg2_837.jpg,burn,1st_degree,img702.jpg
burn_2nd_degree_kg2_838.jpg,burn,2nd_degree,img704.jpg
burn_2nd_degree_kg2_839.jpg,burn,2nd_degree,img705.jpg
burn_2nd_degree_kg2_840.jpg,burn,2nd_degree,img707.jpg
burn_1st_degree_kg2_841.jpg,burn,1st_degree,img708.jpg
burn_2nd_degree_kg2_842.jpg,burn,2nd_degree,img709.jpg
burn_2nd_degree_kg2_843.jpg,burn,2nd_degree,img71.jpg
burn_3rd_degree_kg2_844.jpg,burn,3rd_degree,img710.jpg
burn_2nd_degree_kg2_845.jpg,burn,2nd_degree,img711.jpg
burn_1st_degree_kg2_846.jpg,burn,1st_degree,img712.jpg
burn_2nd_degree_kg2_847.jpg,burn,2nd_degree,img713.jpg
burn_2nd_degree_kg2_848.jpg,burn,2nd_degree,img714.jpg
burn_2nd_degree_kg2_849.jpg,burn,2nd_degree,img715.jpg
burn_2nd_degree_kg2_850.jpg,burn,2nd_degree,img716.jpg
burn_1st_degree_kg2_851.jpg,burn,1st_degree,img718.jpg
burn_2nd_degree_kg2_852.jpg,burn,2nd_degree,img719.jpg
burn_1st_degree_kg2_853.jpg,burn,1st_degree,img720.jpg
burn_2nd_degree_kg2_854.jpg,burn,2nd_degree,img721.jpg
burn_3rd_degree_kg2_855.jpg,burn,3rd_degree,img724.jpg
burn_2nd_degree_kg2_856.jpg,burn,2nd_degree,img725.jpg
burn_1st_degree_kg2_857.jpg,burn,1st_degree,img727.jpg
burn_1st_degree_kg2_858.jpg,burn,1st_degree,img73.jpg
burn_1st_degree_kg2_859.jpg,burn,1st_degree,img730.jpg
burn_1st_degree_kg2_860.jpg,burn,1st_degree,img733.jpg
burn_1st_degree_kg2_861.jpg,burn,1st_degree,img734.jpg
burn_1st_degree_kg2_862.jpg,burn,1st_degree,img738.jpg
burn_2nd_degree_kg2_863.jpg,burn,2nd_degree,img739.jpg
burn_1st_degree_kg2_864.jpg,burn,1st_degree,img74.jpg
burn_3rd_degree_kg2_865.jpg,burn,3rd_degree,img741.jpg
burn_2nd_degree_kg2_866.jpg,burn,2nd_degree,img745.jpg
burn_1st_degree_kg2_867.jpg,burn,1st_degree,img746.jpg
burn_3rd_degree_kg2_868.jpg,burn,3rd_degree,img748.jpg
burn_2nd_degree_kg2_869.jpg,burn,2nd_degree,img749.jpg
burn_2nd_degree_kg2_870.jpg,burn,2nd_degree,img75.jpg
burn_1st_degree_kg2_871.jpg,burn,1st_degree,img750.jpg
burn_3rd_degree_kg2_872.jpg,burn,3rd_degree,img751.jpg
burn_2nd_degree_kg2_873.jpg,burn,2nd_degree,img752.jpg
burn_2nd_degree_kg2_874.jpg,burn,2nd_degree,img753.jpg
burn_1st_degree_kg2_875.jpg,burn,1st_degree,img757.jpg
burn_1st_degree_kg2_876.jpg,burn,1st_degree,img758.jpg
burn_2nd_degree_kg2_877.jpg,burn,2nd_degree,img760.jpg
burn_2nd_degree_kg2_878.jpg,burn,2nd_degree,img762.jpg
burn_2nd_degree_kg2_879.jpg,burn,2nd_degree,img763.jpg
burn_2nd_degree_kg2_880.jpg,burn,2nd_degree,img764.jpg
burn_3rd_degree_kg2_881.jpg,burn,3rd_degree,img765.jpg
burn_1st_degree_kg2_882.jpg,burn,1st_degree,img767.jpg
burn_2nd_degree_kg2_883.jpg,burn,2nd_degree,img77.jpg
burn_3rd_degree_kg2_884.jpg,burn,3rd_degree,img771.jpg
burn_1st_degree_kg2_885.jpg,burn,1st_degree,img772.jpg
burn_2nd_degree_kg2_886.jpg,burn,2nd_degree,img773.jpg
burn_2nd_degree_kg2_887.jpg,burn,2nd_degree,img774.jpg
burn_1st_degree_kg2_888.jpg,burn,1st_degree,img775.jpg
burn_1st_degree_kg2_889.jpg,burn,1st_degree,img778.jpg
burn_2nd_degree_kg2_890.jpg,burn,2nd_degree,img78.jpg
burn_1st_degree_kg2_891.jpg,burn,1st_degree,img780.jpg
burn_1st_degree_kg2_892.jpg,burn,1st_degree,img781.jpg
burn_1st_degree_kg2_893.jpg,burn,1st_degree,img782.jpg
burn_2nd_degree_kg2_894.jpg,burn,2nd_degree,img784.jpg
burn_3rd_degree_kg2_895.jpg,burn,3rd_degree,img785.jpg
burn_1st_degree_kg2_896.jpg,burn,1st_degree,img786.jpg
burn_3rd_degree_kg2_897.jpg,burn,3rd_degree,img79.jpg
burn_1st_degree_kg2_898.jpg,burn,1st_degree,img791.jpg
burn_3rd_degree_kg2_899.jpg,burn,3rd_degree,img792.jpg
burn_2nd_degree_kg2_900.jpg,burn,2nd_degree,img794.jpg
burn_3rd_degree_kg2_901.jpg,burn,3rd_degree,img795.jpg
burn_1st_degree_kg2_902.jpg,burn,1st_degree,img796.jpg
burn_3rd_degree_kg2_903.jpg,burn,3rd_degree,img798.jpg
burn_2nd_degree_kg2_904.jpg,burn,2nd_degree,img8.jpg
burn_1st_degree_kg2_905.jpg,burn,1st_degree,img80.jpg
burn_2nd_degree_kg2_906.jpg,burn,2nd_degree,img802.jpg
burn_1st_degree_kg2_907.jpg,burn,1st_degree,img803.jpg
burn_3rd_degree_kg2_908.jpg,burn,3rd_degree,img804.jpg
burn_2nd_degree_kg2_909.jpg,burn,2nd_degree,img805.jpg
burn_1st_degree_kg2_910.jpg,burn,1st_degree,img806.jpg
burn_1st_degree_kg2_911.jpg,burn,1st_degree,img808.jpg
burn_2nd_degree_kg2_912.jpg,burn,2nd_degree,img809.jpg
burn_2nd_degree_kg2_913.jpg,burn,2nd_degree,img81.jpg
burn_1st_degree_kg2_914.jpg,burn,1st_degree,img810.jpg
burn_3rd_degree_kg2_915.jpg,burn,3rd_degree,img811.jpg
burn_3rd_degree_kg2_916.jpg,burn,3rd_degree,img815.jpg
burn_1st_degree_kg2_917.jpg,burn,1st_degree,img816.jpg
burn_1st_degree_kg2_918.jpg,burn,1st_degree,img817.jpg
burn_1st_degree_kg2_919.jpg,burn,1st_degree,img818.jpg
burn_2nd_degree_kg2_920.jpg,burn,2nd_degree,img819.jpg
burn_2nd_degree_kg2_921.jpg,burn,2nd_degree,img82.jpg
burn_3rd_degree_kg2_922.jpg,burn,3rd_degree,img821.jpg
burn_3rd_degree_kg2_923.jpg,burn,3rd_degree,img822.jpg
burn_3rd_degree_kg2_924.jpg,burn,3rd_degree,img824.jpg
burn_2nd_degree_kg2_925.jpg,burn,2nd_degree,img825.jpg
burn_3rd_degree_kg2_926.jpg,burn,3rd_degree,img827.jpg
burn_1st_degree_kg2_927.jpg,burn,1st_degree,img828.jpg
burn_2nd_degree_kg2_928.jpg,burn,2nd_degree,img829.jpg
burn_2nd_degree_kg2_929.jpg,burn,2nd_degree,img83.jpg
burn_2nd_degree_kg2_930.jpg,burn,2nd_degree,img830.jpg
burn_1st_degree_kg2_931.jpg,burn,1st_degree,img831.jpg
burn_2nd_degree_kg2_932.jpg,burn,2nd_degree,img832.jpg
burn_3rd_degree_kg2_933.jpg,burn,3rd_degree,img833.jpg
burn_3rd_degree_kg2_934.jpg,burn,3rd_degree,img834.jpg
burn_1st_degree_kg2_935.jpg,burn,1st_degree,img837.jpg
burn_3rd_degree_kg2_936.jpg,burn,3rd_degree,img84.jpg
burn_1st_degree_kg2_937.jpg,burn,1st_degree,img841.jpg
burn_2nd_degree_kg2_938.jpg,burn,2nd_degree,img843.jpg
burn_1st_degree_kg2_939.jpg,burn,1st_degree,img844.jpg
burn_3rd_degree_kg2_940.jpg,burn,3rd_degree,img845.jpg
burn_2nd_degree_kg2_941.jpg,burn,2nd_degree,img846.jpg
burn_2nd_degree_kg2_942.jpg,burn,2nd_degree,img847.jpg
burn_1st_degree_kg2_943.jpg,burn,1st_degree,img848.jpg
burn_3rd_degree_kg2_944.jpg,burn,3rd_degree,img849.jpg
burn_1st_degree_kg2_945.jpg,burn,1st_degree,img85.jpg
burn_1st_degree_kg2_946.jpg,burn,1st_degree,img850.jpg
burn_2nd_degree_kg2_947.jpg,burn,2nd_degree,img851.jpg
burn_2nd_degree_kg2_948.jpg,burn,2nd_degree,img852.jpg
burn_2nd_degree_kg2_949.jpg,burn,2nd_degree,img853.jpg
burn_2nd_degree_kg2_950.jpg,burn,2nd_degree,img855.jpg
burn_2nd_degree_kg2_951.jpg,burn,2nd_degree,img856.jpg
burn_2nd_degree_kg2_952.jpg,burn,2nd_degree,img857.jpg
burn_1st_degree_kg2_953.jpg,burn,1st_degree,img859.jpg
burn_3rd_degree_kg2_954.jpg,burn,3rd_degree,img86.jpg
burn_2nd_degree_kg2_955.jpg,burn,2nd_degree,img861.jpg
burn_2nd_degree_kg2_956.jpg,burn,2nd_degree,img862.jpg
burn_2nd_degree_kg2_957.jpg,burn,2nd_degree,img864.jpg
burn_2nd_degree_kg2_958.jpg,burn,2nd_degree,img865.jpg
burn_1st_degree_kg2_959.jpg,burn,1st_degree,img867.jpg
burn_1st_degree_kg2_960.jpg,burn,1st_degree,img868.jpg
burn_1st_degree_kg2_961.jpg,burn,1st_degree,img869.jpg
burn_3rd_degree_kg2_962.jpg,burn,3rd_degree,img87.jpg
burn_3rd_degree_kg2_963.jpg,burn,3rd_degree,img871.jpg
burn_2nd_degree_kg2_964.jpg,burn,2nd_degree,img872.jpg
burn_3rd_degree_kg2_965.jpg,burn,3rd_degree,img873.jpg
burn_2nd_degree_kg2_966.jpg,burn,2nd_degree,img878.jpg
burn_1st_degree_kg2_967.jpg,burn,1st_degree,img879.jpg
burn_2nd_degree_kg2_968.jpg,burn,2nd_degree,img88.jpg
burn_3rd_degree_kg2_969.jpg,burn,3rd_degree,img882.jpg
burn_2nd_degree_kg2_970.jpg,burn,2nd_degree,img883.jpg
burn_3rd_degree_kg2_971.jpg,burn,3rd_degree,img884.jpg
burn_1st_degree_kg2_972.jpg,burn,1st_degree,img885.jpg
burn_2nd_degree_kg2_973.jpg,burn,2nd_degree,img886.jpg
burn_2nd_degree_kg2_974.jpg,burn,2nd_degree,img887.jpg
burn_1st_degree_kg2_975.jpg,burn,1st_degree,img89.jpg
burn_2nd_degree_kg2_976.jpg,burn,2nd_degree,img890.jpg
burn_2nd_degree_kg2_977.jpg,burn,2nd_degree,img891.jpg
burn_1st_degree_kg2_978.jpg,burn,1st_degree,img892.jpg
burn_2nd_degree_kg2_979.jpg,burn,2nd_degree,img895.jpg
burn_2nd_degree_kg2_980.jpg,burn,2nd_degree,img899.jpg
burn_2nd_degree_kg2_981.jpg,burn,2nd_degree,img9.jpg
burn_2nd_degree_kg2_982.jpg,burn,2nd_degree,img900.jpg
burn_2nd_degree_kg2_983.jpg,burn,2nd_degree,img901.jpg
burn_1st_degree_kg2_984.jpg,burn,1st_degree,img903.jpg
burn_1st_degree_kg2_985.jpg,burn,1st_degree,img904.jpg
burn_1st_degree_kg2_986.jpg,burn,1st_degree,img905.jpg
burn_3rd_degree_kg2_987.jpg,burn,3rd_degree,img907.jpg
burn_2nd_degree_kg2_988.jpg,burn,2nd_degree,img909.jpg
burn_1st_degree_kg2_989.jpg,burn,1st_degree,img91.jpg
burn_3rd_degree_kg2_990.jpg,burn,3rd_degree,img910.jpg
burn_1st_degree_kg2_991.jpg,burn,1st_degree,img911.jpg
burn_2nd_degree_kg2_992.jpg,burn,2nd_degree,img914.jpg
burn_2nd_degree_kg2_993.jpg,burn,2nd_degree,img916.jpg
burn_2nd_degree_kg2_994.jpg,burn,2nd_degree,img917.jpg
burn_2nd_degree_kg2_995.jpg,burn,2nd_degree,img918.jpg
burn_1st_degree_kg2_996.jpg,burn,1st_degree,img919.jpg
burn_3rd_degree_kg2_997.jpg,burn,3rd_degree,img92.jpg
burn_2nd_degree_kg2_998.jpg,burn,2nd_degree,img921.jpg
burn_1st_degree_kg2_999.jpg,burn,1st_degree,img922.jpg
burn_2nd_degree_kg2_1000.jpg,burn,2nd_degree,img923.jpg
burn_2nd_degree_kg2_1001.jpg,burn,2nd_degree,img924.jpg
burn_1st_degree_kg2_1002.jpg,burn,1st_degree,img928.jpg
burn_1st_degree_kg2_1003.jpg,burn,1st_degree,img93.jpg
burn_2nd_degree_kg2_1004.jpg,burn,2nd_degree,img930.jpg
burn_1st_degree_kg2_1005.jpg,burn,1st_degree,img931.jpg
burn_1st_degree_kg2_1006.jpg,burn,1st_degree,img932.jpg
burn_2nd_degree_kg2_1007.jpg,burn,2nd_degree,img933.jpg
burn_1st_degree_kg2_1008.jpg,burn,1st_degree,img934.jpg
burn_2nd_degree_kg2_1009.jpg,burn,2nd_degree,img936.jpg
burn_1st_degree_kg2_1010.jpg,burn,1st_degree,img937.jpg
burn_1st_degree_kg2_1011.jpg,burn,1st_degree,img94.jpg
burn_2nd_degree_kg2_1012.jpg,burn,2nd_degree,img942.jpg
burn_2nd_degree_kg2_1013.jpg,burn,2nd_degree,img943.jpg
burn_3rd_degree_kg2_1014.jpg,burn,3rd_degree,img945.jpg
burn_2nd_degree_kg2_1015.jpg,burn,2nd_degree,img948.jpg
burn_3rd_degree_kg2_1016.jpg,burn,3rd_degree,img949.jpg
burn_2nd_degree_kg2_1017.jpg,burn,2nd_degree,img95.jpg
burn_2nd_degree_kg2_1018.jpg,burn,2nd_degree,img952.jpg
burn_3rd_degree_kg2_1019.jpg,burn,3rd_degree,img953.jpg
burn_2nd_degree_kg2_1020.jpg,burn,2nd_degree,img955.jpg
burn_3rd_degree_kg2_1021.jpg,burn,3rd_degree,img957.jpg
burn_1st_degree_kg2_1022.jpg,burn,1st_degree,img958.jpg
burn_2nd_degree_kg2_1023.jpg,burn,2nd_degree,img96.jpg
burn_3rd_degree_kg2_1024.jpg,burn,3rd_degree,img960.jpg
burn_3rd_degree_kg2_1025.jpg,burn,3rd_degree,img961.jpg
burn_3rd_degree_kg2_1026.jpg,burn,3rd_degree,img967.jpg
burn_1st_degree_kg2_1027.jpg,burn,1st_degree,img968.jpg
burn_1st_degree_kg2_1028.jpg,burn,1st_degree,img969.jpg
burn_1st_degree_kg2_1029.jpg,burn,1st_degree,img97.jpg
burn_3rd_degree_kg2_1030.jpg,burn,3rd_degree,img971.jpg
burn_2nd_degree_kg2_1031.jpg,burn,2nd_degree,img972.jpg
burn_3rd_degree_kg2_1032.jpg,burn,3rd_degree,img973.jpg
burn_2nd_degree_kg2_1033.jpg,burn,2nd_degree,img974.jpg
burn_1st_degree_kg2_1034.jpg,burn,1st_degree,img975.jpg
burn_2nd_degree_kg2_1035.jpg,burn,2nd_degree,img977.jpg
burn_2nd_degree_kg2_1036.jpg,burn,2nd_degree,img978.jpg
burn_1st_degree_kg2_1037.jpg,burn,1st_degree,img98.jpg
burn_2nd_degree_kg2_1038.jpg,burn,2nd_degree,img980.jpg
burn_2nd_degree_kg2_1039.jpg,burn,2nd_degree,img981.jpg
burn_3rd_degree_kg2_1040.jpg,burn,3rd_degree,img983.jpg
burn_1st_degree_kg2_1041.jpg,burn,1st_degree,img985.jpg
burn_1st_degree_kg2_1042.jpg,burn,1st_degree,img986.jpg
burn_1st_degree_kg2_1043.jpg,burn,1st_degree,img987.jpg
burn_2nd_degree_kg2_1044.jpg,burn,2nd_degree,img988.jpg
burn_3rd_degree_kg2_1045.jpg,burn,3rd_degree,img99.jpg
burn_3rd_degree_kg2_1046.jpg,burn,3rd_degree,img990.jpg
burn_1st_degree_kg2_1047.jpg,burn,1st_degree,img991.jpg
burn_1st_degree_kg2_1048.jpg,burn,1st_degree,img992.jpg
burn_3rd_degree_kg2_1049.jpg,burn,3rd_degree,img993.jpg
burn_2nd_degree_kg2_1050.jpg,burn,2nd_degree,img998.jpg
burn_2nd_degree_kg2_1051.jpg,burn,2nd_degree,img999.jpg
